<?xml version="1.0" encoding="UTF-8"?>
<COLLADA xmlns="http://www.collada.org/2005/11/COLLADASchema" version="1.4.1">
<!--
# File generated by ImageToStl.com - Free Image and 3D model conversion tools
-->
  <asset>
    <contributor>
      <author>ImageToStl.com</author>
      <authoring_tool>ImageToStl.com</authoring_tool>
    </contributor>
    <created>2025-11-25T11:12:33</created>
    <modified>2025-11-25T11:12:33</modified>
    <up_axis>Z_UP</up_axis>
  </asset>
  <library_effects>
    <effect id="effect_0">
        <profile_COMMON>
          <technique sid="common">
            <phong>
              <diffuse>
                <color>0.85 0.85 0.85 1</color>
              </diffuse>
              <specular>
                <color>0.05 0.05 0.05 1</color>
              </specular>
              <shininess>
                <float>64</float>
              </shininess>
            </phong>
          </technique>
        </profile_COMMON>
    </effect>
  </library_effects>
  <library_materials>
    <material id="mat_0">
      <instance_effect url="#effect_0"/>
    </material>
  </library_materials>
  <library_geometries>
    <geometry id="geometry_37b4119e_837d_4987_bc33_a2ea53adf18a">
      <mesh>
        <source id="pos_0">
          <float_array id="pos_0-array" count="4371">0.01207 0.071 0.02 -0.01193 0.071 0.02 0.01207 0.071 0.0185 -0.01193 0.071 0.0185 -0.01193 0.071 0.011 -0.00615013 0.071 0.011 -0.01193 0.071 0.0165 -0.00526678 0.071 0.01334796 -0.00351999 0.071 0.01517706 -0.0011946 0.071 0.01617177 0.0013346 0.071 0.01617177 0.01207 0.071 0.0165 0.00629013 0.071 0.011 0.01207 0.071 0.011 0.00540678 0.071 0.01334796 0.00365999 0.071 0.01517706 -0.01193 0.071 0.0035 -0.00282827 0.071 0.0035 -0.00302883 0.071 0.00451482 -0.00615013 0.071 0.009 -0.01193 0.071 0.009 -0.00603704 0.071 0.00845273 -0.00493638 0.071 0.00617558 0.01207 0.071 0.0035 0.01207 0.071 0.009 0.00629013 0.071 0.009 0.00316883 0.071 0.00451482 0.00296828 0.071 0.0035 0.00507638 0.071 0.00617558 0.00617704 0.071 0.00845273 -0.01193 0.06728074 0.02 -0.01393 0.06728074 0.02 -0.01393 0.066 0.02 0.01207 0.04567 0.02 0.01407 0.0445 0.02 0.01207 0.06728074 0.02 0.01407 0.066 0.02 0.01407 0.06728074 0.02 -0.01193 0.04567 0.02 -0.01393 0.029 0.02 -0.01193 0.031 0.02 -0.01393 0.0445 0.02 -0.01193 0.04367 0.02 0.01207 0.04367 0.02 0.01407 0.029 0.02 -0.01081664 0.029 0.02 0.01095664 0.029 0.02 0.01207 0.031 0.02 0.024 0 0.02 0.026 0 0.02 0.024 0.01806676 0.02 0.026 0.019 0.02 -0.02386 0.01806676 0.02 -0.02586 0.019 0.02 -0.02386 0 0.02 -0.02586 0.0035 0.02 -0.02586 0 0.02 -0.01193 0.072 0.02 0.01207 0.072 0.02 0.01207 0.04367 -0.02 0.01207 0.031 -0.02 -0.01193 0.04367 -0.02 -0.01193 0.031 -0.02 0.0245 0 -0.00695 0.021 0 -0.00695 0.0245 0.000525 -0.00709067 0.021 0.000525 -0.00709067 0.0245 0.00090933 -0.007475 0.021 0.00090933 -0.007475 0.0245 0.00105 -0.008 0.021 0.00105 -0.008 0.0245 0.00090933 -0.008525 0.021 0.00090933 -0.008525 0.0245 0.000525 -0.00890933 0.021 0.000525 -0.00890933 0.0245 0 -0.00905 0.021 0 -0.00905 0.0245 -0.000525 -0.00890933 0.021 -0.000525 -0.00890933 0.0245 -0.00090933 -0.008525 0.021 -0.00090933 -0.008525 0.0245 -0.00105 -0.008 0.021 -0.00105 -0.008 0.0245 -0.00090933 -0.007475 0.021 -0.00090933 -0.007475 0.0245 -0.000525 -0.00709067 0.021 -0.000525 -0.00709067 0.0245 -0.008 0.00105 0.021 -0.008 0.00105 0.0245 -0.007475 0.00090933 0.021 -0.007475 0.00090933 0.0245 -0.00709067 0.000525 0.021 -0.00709067 0.000525 0.0245 -0.00695 -0 0.021 -0.00695 -0 0.0245 -0.00709067 -0.000525 0.021 -0.00709067 -0.000525 0.0245 -0.007475 -0.00090933 0.021 -0.007475 -0.00090933 0.0245 -0.008 -0.00105 0.021 -0.008 -0.00105 0.0245 -0.008525 -0.00090933 0.021 -0.008525 -0.00090933 0.0245 -0.00890933 -0.000525 0.021 -0.00890933 -0.000525 0.0245 -0.00905 -0 0.021 -0.00905 -0 0.0245 -0.00890933 0.000525 0.021 -0.00890933 0.000525 0.0245 -0.008525 0.00090933 0.021 -0.008525 0.00090933 0.0245 0 0.00905 0.021 0 0.00905 0.0245 0.000525 0.00890933 0.021 0.000525 0.00890933 0.0245 0.00090933 0.008525 0.021 0.00090933 0.008525 0.0245 0.00105 0.008 0.021 0.00105 0.008 0.0245 0.00090933 0.007475 0.021 0.00090933 0.007475 0.0245 0.000525 0.00709067 0.021 0.000525 0.00709067 0.0245 0 0.00695 0.021 0 0.00695 0.0245 -0.000525 0.00709067 0.021 -0.000525 0.00709067 0.0245 -0.00090933 0.007475 0.021 -0.00090933 0.007475 0.0245 -0.00105 0.008 0.021 -0.00105 0.008 0.0245 -0.00090933 0.008525 0.021 -0.00090933 0.008525 0.0245 -0.000525 0.00890933 0.021 -0.000525 0.00890933 0.0245 0.008 0.00105 0.021 0.008 0.00105 0.0245 0.008525 0.00090933 0.021 0.008525 0.00090933 0.0245 0.00890933 0.000525 0.021 0.00890933 0.000525 0.0245 0.00905 -0 0.021 0.00905 -0 0.0245 0.00890933 -0.000525 0.021 0.00890933 -0.000525 0.0245 0.008525 -0.00090933 0.021 0.008525 -0.00090933 0.0245 0.008 -0.00105 0.021 0.008 -0.00105 0.0245 0.007475 -0.00090933 0.021 0.007475 -0.00090933 0.0245 0.00709067 -0.000525 0.021 0.00709067 -0.000525 0.0245 0.00695 -0 0.021 0.00695 -0 0.0245 0.00709067 0.000525 0.021 0.00709067 0.000525 0.0245 0.007475 0.00090933 0.021 0.007475 0.00090933 -0.02436 0.008 -0.00105 -0.02086 0.008 -0.00105 -0.02436 0.008525 -0.00090933 -0.02086 0.008525 -0.00090933 -0.02436 0.00890933 -0.000525 -0.02086 0.00890933 -0.000525 -0.02436 0.00905 -0 -0.02086 0.00905 -0 -0.02436 0.00890933 0.000525 -0.02086 0.00890933 0.000525 -0.02436 0.008525 0.00090933 -0.02086 0.008525 0.00090933 -0.02436 0.008 0.00105 -0.02086 0.008 0.00105 -0.02436 0.007475 0.00090933 -0.02086 0.007475 0.00090933 -0.02436 0.00709067 0.000525 -0.02086 0.00709067 0.000525 -0.02436 0.00695 -0 -0.02086 0.00695 -0 -0.02436 0.00709067 -0.000525 -0.02086 0.00709067 -0.000525 -0.02436 0.007475 -0.00090933 -0.02086 0.007475 -0.00090933 -0.02436 0 0.00695 -0.02086 0 0.00695 -0.02436 0.000525 0.00709067 -0.02086 0.000525 0.00709067 -0.02436 0.00090933 0.007475 -0.02086 0.00090933 0.007475 -0.02436 0.00105 0.008 -0.02086 0.00105 0.008 -0.02436 0.00090933 0.008525 -0.02086 0.00090933 0.008525 -0.02436 0.000525 0.00890933 -0.02086 0.000525 0.00890933 -0.02436 0 0.00905 -0.02086 0 0.00905 -0.02436 -0.000525 0.00890933 -0.02086 -0.000525 0.00890933 -0.02436 -0.00090933 0.008525 -0.02086 -0.00090933 0.008525 -0.02436 -0.00105 0.008 -0.02086 -0.00105 0.008 -0.02436 -0.00090933 0.007475 -0.02086 -0.00090933 0.007475 -0.02436 -0.000525 0.00709067 -0.02086 -0.000525 0.00709067 -0.02436 0 -0.00905 -0.02086 0 -0.00905 -0.02436 0.000525 -0.00890933 -0.02086 0.000525 -0.00890933 -0.02436 0.00090933 -0.008525 -0.02086 0.00090933 -0.008525 -0.02436 0.00105 -0.008 -0.02086 0.00105 -0.008 -0.02436 0.00090933 -0.007475 -0.02086 0.00090933 -0.007475 -0.02436 0.000525 -0.00709067 -0.02086 0.000525 -0.00709067 -0.02436 0 -0.00695 -0.02086 0 -0.00695 -0.02436 -0.000525 -0.00709067 -0.02086 -0.000525 -0.00709067 -0.02436 -0.00090933 -0.007475 -0.02086 -0.00090933 -0.007475 -0.02436 -0.00105 -0.008 -0.02086 -0.00105 -0.008 -0.02436 -0.00090933 -0.008525 -0.02086 -0.00090933 -0.008525 -0.02436 -0.000525 -0.00890933 -0.02086 -0.000525 -0.00890933 -0.02436 -0.008 -0.00105 -0.02086 -0.008 -0.00105 -0.02436 -0.007475 -0.00090933 -0.02086 -0.007475 -0.00090933 -0.02436 -0.00709067 -0.000525 -0.02086 -0.00709067 -0.000525 -0.02436 -0.00695 -0 -0.02086 -0.00695 -0 -0.02436 -0.00709067 0.000525 -0.02086 -0.00709067 0.000525 -0.02436 -0.007475 0.00090933 -0.02086 -0.007475 0.00090933 -0.02436 -0.008 0.00105 -0.02086 -0.008 0.00105 -0.02436 -0.008525 0.00090933 -0.02086 -0.008525 0.00090933 -0.02436 -0.00890933 0.000525 -0.02086 -0.00890933 0.000525 -0.02436 -0.00905 -0 -0.02086 -0.00905 -0 -0.02436 -0.00890933 -0.000525 -0.02086 -0.00890933 -0.000525 -0.02436 -0.008525 -0.00090933 -0.02086 -0.008525 -0.00090933 0.01095664 0.029 -0.02 -0.01081664 0.029 -0.02 0.01407 0.029 -0.00925 0.01407 0.029 -0.02 0.01407 0.0445 -0.02 0.01407 0.029 0.00625 0.01407 0.0445 -0.00925 0.01407 0.06186603 0.018 0.01407 0.062 0.0175 0.01407 0.06186603 0.017 0.01407 0.0615 0.01663397 0.01407 0.066 0.01375 0.01407 0.061 0.0165 0.01407 0.0445 0.01375 0.01407 0.0605 0.01663397 0.01407 0.06013397 0.017 0.01407 0.06 0.0175 0.01407 0.06013397 0.018 0.01407 0.0605 0.01836603 0.01407 0.061 0.0185 0.01407 0.0615 0.01836603 0.01407 0.07013398 0.017 0.01407 0.07 0.0175 0.01407 0.07013398 0.018 0.01407 0.06773392 0.02008504 0.01407 0.0715 0.01836603 0.01407 0.074 0.028 0.01407 0.071 0.0185 0.01407 0.072 0.028 0.01407 0.0705 0.01836603 0.01407 0.06840202 0.02069753 0.01407 0.06812544 0.0203286 0.01407 0.07186603 0.018 0.01407 0.072 0.0175 0.01407 0.074 0.01375 0.01407 0.07186603 0.017 0.01407 0.0715 0.01663397 0.01407 0.071 0.01375 0.01407 0.071 0.0165 0.01407 0.0705 0.01663397 0.01407 0.07 0.0025 0.01407 0.066 0.00625 0.01407 0.07013398 0.002 0.01407 0.066 -0.00925 0.01407 0.07013398 0.003 0.01407 0.0705 0.00336603 0.01407 0.071 0.00625 0.01407 0.071 0.0035 0.01407 0.074 0.00625 0.01407 0.0715 0.00336603 0.01407 0.07186603 0.003 0.01407 0.072 0.0025 0.01407 0.074 -0.00925 0.01407 0.07186603 0.002 0.01407 0.0715 0.00163397 0.01407 0.071 -0.00925 0.01407 0.071 0.0015 0.01407 0.0705 0.00163397 0.01407 0.07013398 0.0095 0.01407 0.07 0.01 0.01407 0.07013398 0.0105 0.01407 0.0705 0.01086603 0.01407 0.071 0.011 0.01407 0.0715 0.01086603 0.01407 0.07186603 0.0105 0.01407 0.072 0.01 0.01407 0.07186603 0.0095 0.01407 0.0715 0.00913398 0.01407 0.071 0.009 0.01407 0.0705 0.00913398 0.01407 0.029 0.01375 0.01407 0.0445 0.00625 0.01407 0.06186603 0.0095 0.01407 0.0615 0.00913398 0.01407 0.062 0.01 0.01407 0.06186603 0.0105 0.01407 0.061 0.009 0.01407 0.0605 0.00913398 0.01407 0.06013397 0.0095 0.01407 0.06 0.01 0.01407 0.06013397 0.0105 0.01407 0.0605 0.01086603 0.01407 0.061 0.011 0.01407 0.0615 0.01086603 0.01407 0.0605 0.00163397 0.01407 0.061 0.0015 0.01407 0.0615 0.00163397 0.01407 0.061 0.0035 0.01407 0.0615 0.00336603 0.01407 0.06013397 0.002 0.01407 0.06 0.0025 0.01407 0.06013397 0.003 0.01407 0.0605 0.00336603 0.01407 0.06186603 0.003 0.01407 0.062 0.0025 0.01407 0.06186603 0.002 0.01407 0.066 -0.02 0.01407 0.071 -0.02 0.01407 0.074 -0.02 -0.01193 0.04567 -0.02 -0.01393 0.0445 -0.02 -0.01193 0.071 -0.02 -0.01393 0.066 -0.02 -0.01393 0.071 -0.02 -0.01393 0.074 -0.02 0.01207 0.071 -0.02 -0.01393 0.029 -0.02 0.01207 0.04567 -0.02 0.026 0 -0.02 0.024 0 -0.02 0.026 0.019 -0.02 0.024 0.01806676 -0.02 -0.02586 0.019 -0.02 -0.02386 0.01806676 -0.02 -0.02586 0.0035 -0.02 -0.02386 0 -0.02 -0.02586 0 -0.02 -0.01393 0.074 0.028 -0.01393 0.074 0.02325 -0.01393 0.072 0.028 -0.01393 0.071 0.02325 -0.01393 0.06840202 0.02069753 -0.01393 0.07013398 0.018 -0.01393 0.07 0.0175 -0.01393 0.066 0.01375 -0.01393 0.06013397 0.017 -0.01393 0.0445 0.01375 -0.01393 0.06 0.0175 -0.01393 0.06013397 0.018 -0.01393 0.0605 0.01663397 -0.01393 0.061 0.0165 -0.01393 0.06186603 0.018 -0.01393 0.0615 0.01836603 -0.01393 0.061 0.0185 -0.01393 0.0605 0.01836603 -0.01393 0.0615 0.01663397 -0.01393 0.06186603 0.017 -0.01393 0.062 0.0175 -0.01393 0.074 0.00625 -0.01393 0.072 0.0025 -0.01393 0.07186603 0.002 -0.01393 0.07186603 0.003 -0.01393 0.0715 0.00336603 -0.01393 0.071 0.00625 -0.01393 0.071 0.0035 -0.01393 0.066 0.00625 -0.01393 0.0705 0.00336603 -0.01393 0.07013398 0.003 -0.01393 0.07 0.0025 -0.01393 0.07013398 0.002 -0.01393 0.0705 0.00163397 -0.01393 0.071 0.0015 -0.01393 0.0715 0.00163397 -0.01393 0.074 0.01375 -0.01393 0.072 0.01 -0.01393 0.07186603 0.0095 -0.01393 0.07186603 0.0105 -0.01393 0.0715 0.01086603 -0.01393 0.071 0.01375 -0.01393 0.071 0.011 -0.01393 0.0705 0.01086603 -0.01393 0.07013398 0.0105 -0.01393 0.07 0.01 -0.01393 0.07013398 0.0095 -0.01393 0.0705 0.00913398 -0.01393 0.071 0.009 -0.01393 0.0715 0.00913398 -0.01393 0.07013398 0.017 -0.01393 0.0705 0.01663397 -0.01393 0.071 0.0165 -0.01393 0.0715 0.01663397 -0.01393 0.07186603 0.017 -0.01393 0.072 0.0175 -0.01393 0.06773392 0.02008504 -0.01393 0.06812544 0.0203286 -0.01393 0.0705 0.01836603 -0.01393 0.071 0.0185 -0.01393 0.0715 0.01836603 -0.01393 0.07186603 0.018 -0.01393 0.029 0.01375 -0.01393 0.029 0.00625 -0.01393 0.0445 0.00625 -0.01393 0.061 0.0035 -0.01393 0.0605 0.00336603 -0.01393 0.06013397 0.003 -0.01393 0.06 0.0025 -0.01393 0.06013397 0.002 -0.01393 0.0605 0.00163397 -0.01393 0.061 0.0015 -0.01393 0.06186603 0.003 -0.01393 0.0615 0.00336603 -0.01393 0.0615 0.00163397 -0.01393 0.06186603 0.002 -0.01393 0.062 0.0025 -0.01393 0.06013397 0.0095 -0.01393 0.0605 0.00913398 -0.01393 0.06 0.01 -0.01393 0.06013397 0.0105 -0.01393 0.061 0.009 -0.01393 0.06186603 0.0105 -0.01393 0.0615 0.01086603 -0.01393 0.061 0.011 -0.01393 0.0605 0.01086603 -0.01393 0.0615 0.00913398 -0.01393 0.06186603 0.0095 -0.01393 0.062 0.01 0.01207 0.071 0.0015 0.01207 0.0705 0.00163397 0.01207 0.0605 0.01836603 0.01207 0.06013397 0.018 0.01207 0.061 0.0185 0.01207 0.06773392 0.02008504 0.01207 0.06812544 0.0203286 0.01207 0.06 0.0025 0.01207 0.06013397 0.002 0.01207 0.0605 0.00163397 0.01207 0.06840202 0.02069753 0.01207 0.072 0.028 0.01207 0.061 0.0015 0.01207 0.0615 0.00163397 0.01207 0.06186603 0.002 0.01207 0.07013398 0.002 0.01207 0.06 0.0175 0.01207 0.06013397 0.0105 0.01207 0.06 0.01 0.01207 0.0605 0.00913398 0.01207 0.061 0.009 0.01207 0.07013398 0.003 0.01207 0.0615 0.00913398 0.01207 0.0705 0.00336603 0.01207 0.06186603 0.0095 0.01207 0.0705 0.01086603 0.01207 0.06013397 0.017 0.01207 0.061 0.011 0.01207 0.0605 0.01086603 0.01207 0.07 0.0025 0.01207 0.062 0.0025 0.01207 0.06186603 0.003 0.01207 0.0615 0.00336603 0.01207 0.06013397 0.0095 0.01207 0.061 0.0035 0.01207 0.0605 0.00336603 0.01207 0.06013397 0.003 0.01207 0.0705 0.01836603 0.01207 0.07013398 0.018 0.01207 0.0615 0.01086603 0.01207 0.06186603 0.0105 0.01207 0.07013398 0.0105 0.01207 0.062 0.01 0.01207 0.07 0.01 0.01207 0.07013398 0.0095 0.01207 0.0705 0.00913398 0.01207 0.07 0.0175 0.01207 0.07013398 0.017 0.01207 0.0705 0.01663397 0.01207 0.062 0.0175 0.01207 0.06186603 0.018 0.01207 0.0605 0.01663397 0.01207 0.061 0.0165 0.01207 0.0615 0.01663397 0.01207 0.06186603 0.017 0.01207 0.0615 0.01836603 -0.01193 0.072 0.028 -0.01193 0.06840202 0.02069753 -0.01193 0.06186603 0.002 -0.01193 0.0615 0.00163397 -0.01193 0.061 0.0015 -0.01193 0.0615 0.01663397 -0.01193 0.07013398 0.002 -0.01193 0.06186603 0.017 -0.01193 0.07 0.0025 -0.01193 0.062 0.0175 -0.01193 0.06186603 0.018 -0.01193 0.06013397 0.003 -0.01193 0.0605 0.00336603 -0.01193 0.061 0.009 -0.01193 0.061 0.0035 -0.01193 0.0615 0.00913398 -0.01193 0.0615 0.00336603 -0.01193 0.0705 0.00163397 -0.01193 0.06186603 0.003 -0.01193 0.0705 0.01086603 -0.01193 0.07013398 0.0105 -0.01193 0.071 0.0015 -0.01193 0.062 0.0025 -0.01193 0.0615 0.01836603 -0.01193 0.07 0.01 -0.01193 0.07013398 0.0095 -0.01193 0.0705 0.00913398 -0.01193 0.07013398 0.003 -0.01193 0.0705 0.00336603 -0.01193 0.061 0.0185 -0.01193 0.07 0.0175 -0.01193 0.07013398 0.018 -0.01193 0.06013397 0.0105 -0.01193 0.0605 0.01086603 -0.01193 0.061 0.0165 -0.01193 0.061 0.011 -0.01193 0.0615 0.01086603 -0.01193 0.06186603 0.0105 -0.01193 0.062 0.01 -0.01193 0.06186603 0.0095 -0.01193 0.0605 0.00163397 -0.01193 0.06013397 0.002 -0.01193 0.06 0.0025 -0.01193 0.0605 0.00913398 -0.01193 0.06013397 0.0095 -0.01193 0.06 0.01 -0.01193 0.0705 0.01836603 -0.01193 0.06812544 0.0203286 -0.01193 0.0605 0.01663397 -0.01193 0.06013397 0.017 -0.01193 0.06 0.0175 -0.01193 0.06013397 0.018 -0.01193 0.0705 0.01663397 -0.01193 0.07013398 0.017 -0.01193 0.0605 0.01836603 -0.01193 0.06773392 0.02008504 0.026 0.019 -0.0035 0.026 0.001 -0.00973205 0.026 0 -0.01 0.026 -0.00445042 -0.01949856 0.026 -0.001 -0.00973205 0.026 -0.00173205 -0.009 0.026 0.00216942 -0.00450485 0.026 0 -0.005 0.026 0 -0.006 0.026 0.00349205 -0.00357849 0.026 -0.001 -0.00626795 0.026 -0.00216942 -0.00450485 0.026 -0.00173205 -0.007 0.026 -0.0035 -0.0035 0.026 -0.002 -0.008 0.026 0.001 -0.00626795 0.026 0.00173205 -0.007 0.026 0.002 -0.008 0.026 0.00173205 -0.009 0.026 -0.01949856 -0.00445042 0.026 -0.01801938 -0.00867767 0.026 -0.01563663 -0.0124698 0.026 -0.0124698 -0.01563663 0.026 -0.00867768 -0.01801938 0.026 -0.00342945 -0.0035 0.026 -0.0035 -0.00344374 0.026 -0.00390916 -0.00311745 0.026 -0.00626795 0.001 0.026 -0.00350947 0.01968968 0.026 -0.007 0.00173205 0.026 -0.00445042 0.01949856 0.026 -0.008 0.002 0.026 -0.00973205 -0.001 0.026 -0.02 -0 0.026 -0.01 -0 0.026 -0.01949856 0.00445042 0.026 -0.00973205 0.001 0.026 -0.01801938 0.00867768 0.026 -0.009 0.00173205 0.026 -0.00867768 0.01801938 0.026 -0.0124698 0.01563663 0.026 -0.01563663 0.0124698 0.026 0.00973205 -0.001 0.026 0.009 -0.00173205 0.026 0.008 -0.002 0.026 0.007 -0.00173205 0.026 0.00390916 0.00311745 0.026 0.00487464 0.00111261 0.026 0.00626795 -0.001 0.026 -0.00173205 0.007 0.026 -0.002 0.008 0.026 -0.00355644 0.00351451 0.026 -0.00390916 0.00311745 0.026 -0.00487464 0.00111261 0.026 -0.006 -0 0.026 -0.00487464 -0.0011126 0.026 -0.00626795 -0.001 0.026 -0.007 -0.00173205 0.026 -0.008 -0.002 0.026 -0.009 -0.00173205 0.026 -0.00173205 0.009 0.026 -0.001 0.00973205 0.026 0 0.01 0.026 0.001 0.00973205 0.026 0.00173205 0.009 0.026 0.00973205 0.001 0.026 0.01 -0 0.026 0.001 0.00626795 0.026 0.00173205 0.007 0.026 0.002 0.008 0.026 0.006 -0 0.026 0.00626795 0.001 0.026 -0.001 0.00626795 0.026 -0.00216942 0.00450484 0.026 0 0.006 0.026 0 0.005 0.026 0.00216942 0.00450484 0.026 0.007 0.00173205 0.026 0.008 0.002 0.026 0.009 0.00173205 0.026 0.005 -0 0.026 0.00487464 -0.0011126 0.026 0.00390916 -0.00311745 0.024 -0.00646564 0.00889919 0.024 -0.00867768 0.01801938 0.024 -0.00339919 0.01046162 0.024 -0.00445042 0.01949856 0.024 0 0.011 0.024 0.00339919 0.01046162 0.024 -0.00889918 -0.00646564 0.024 -0.01801938 -0.00867767 0.024 -0.01046162 -0.00339919 0.024 -0.01949856 -0.00445042 0.024 -0.011 -0 0.024 -0.02 -0 0.024 -0.01046162 0.00339919 0.024 -0.01949856 0.00445042 0.024 -0.01801938 0.00867768 0.024 -0.00889918 0.00646564 0.024 -0.01563663 0.0124698 0.024 -0.0124698 0.01563663 0.024 -0.00445042 -0.01949856 0.024 -0.00339919 -0.01046162 0.024 -0.00867768 -0.01801938 0.024 -0.00646564 -0.00889919 0.024 -0.0124698 -0.01563663 0.024 -0.01563663 -0.0124698 0.024 0.00646564 0.00889919 0.024 0.00889919 0.00646564 0.024 0 -0.011 0.024 0.00339919 -0.01046162 0.024 0.00646564 -0.00889919 0.024 0.00889919 -0.00646564 0.024 0.01046162 -0.00339919 0.024 0.011 -0 0.024 0.01046162 0.00339919 -0.02386 0.00889919 -0.00646564 -0.02386 0.00646564 -0.00889919 -0.02386 -0.01046162 -0.00339919 -0.02386 -0.01801938 -0.00867767 -0.02386 -0.00889918 -0.00646564 -0.02386 -0.01563663 -0.0124698 -0.02386 -0.00646564 -0.00889919 -0.02386 -0.00889918 0.00646564 -0.02386 -0.01801938 0.00867768 -0.02386 -0.01046162 0.00339919 -0.02386 -0.01949856 0.00445042 -0.02386 -0.011 -0 -0.02386 -0.02 -0 -0.02386 -0.01949856 -0.00445042 -0.02386 -0.00445042 0.01949856 -0.02386 -0.00339919 0.01046162 -0.02386 -0.00867768 0.01801938 -0.02386 -0.00646564 0.00889919 -0.02386 -0.0124698 0.01563663 -0.02386 -0.01563663 0.0124698 -0.02386 0 0.011 -0.02386 0.00339919 0.01046162 -0.02386 0.00646564 0.00889919 -0.02386 0.00889919 0.00646564 -0.02386 -0.0124698 -0.01563663 -0.02386 -0.00867768 -0.01801938 -0.02386 -0.00339919 -0.01046162 -0.02386 -0.00445042 -0.01949856 -0.02386 0 -0.011 -0.02386 0.00339919 -0.01046162 -0.02386 0.01046162 0.00339919 -0.02386 0.011 -0 -0.02386 0.01046162 -0.00339919 -0.02586 -0.00626795 -0.001 -0.02586 -0.00390916 -0.00311745 -0.02586 -0.007 -0.00173205 -0.02586 -0.00349205 -0.00357849 -0.02586 -0.008 -0.002 -0.02586 -0.01968968 -0.00350947 -0.02586 -0.009 -0.00173205 -0.02586 -0.007 0.00173205 -0.02586 -0.00390916 0.00311745 -0.02586 -0.00626795 0.001 -0.02586 -0.00487464 0.00111261 -0.02586 -0.006 -0 -0.02586 -0.005 -0 -0.02586 -0.00487464 -0.0011126 -0.02586 0.002 0.008 -0.02586 0.00173205 0.009 -0.02586 0.001 0.00973205 -0.02586 0 0.01 -0.02586 -0.00445042 0.01949856 -0.02586 -0.001 0.00973205 -0.02586 -0.00867768 0.01801938 -0.02586 -0.00173205 0.009 -0.02586 -0.0124698 0.01563663 -0.02586 -0.01563663 0.0124698 -0.02586 -0.002 0.008 -0.02586 -0.01801938 0.00867768 -0.02586 0.00173205 0.007 -0.02586 0.00355643 0.00351451 -0.02586 0.001 0.00626795 -0.02586 0.00216942 0.00450484 -0.02586 0 0.006 -0.02586 0 0.005 -0.02586 -0.001 0.00626795 -0.02586 -0.00216942 0.00450484 -0.02586 -0.00173205 0.007 -0.02586 -0.008 0.002 -0.02586 -0.009 0.00173205 -0.02586 -0.01949856 0.00445042 -0.02586 -0.00973205 0.001 -0.02586 -0.02 -0 -0.02586 -0.01 -0 -0.02586 -0.00973205 -0.001 -0.02586 -0.01563663 -0.0124698 -0.02586 -0.002 -0.008 -0.02586 -0.00173205 -0.009 -0.02586 -0.001 -0.00973205 -0.02586 -0.00867768 -0.01801938 -0.02586 -0.0124698 -0.01563663 -0.02586 0.001 -0.00973205 -0.02586 0 -0.01 -0.02586 -0.00445042 -0.01949856 -0.02586 0.00216942 -0.00450485 -0.02586 0.00342945 -0.0035 -0.02586 0.0035 -0.0035 -0.02586 0.00173205 -0.009 -0.02586 0.002 -0.008 -0.02586 0.00173205 -0.007 -0.02586 0.001 -0.00626795 -0.02586 0 -0.005 -0.02586 0 -0.006 -0.02586 -0.00216942 -0.00450485 -0.02586 -0.001 -0.00626795 -0.02586 -0.00173205 -0.007 -0.02586 -0.01949856 -0.00445042 -0.02586 -0.01801938 -0.00867767 -0.02586 0.008 -0.002 -0.02586 0.009 -0.00173205 -0.02586 0.019 -0.0035 -0.02586 0.00973205 -0.001 -0.02586 0.01 -0 -0.02586 0.00973205 0.001 -0.02586 0.009 0.00173205 -0.02586 0.008 0.002 -0.02586 0.007 0.00173205 -0.02586 0.00626795 0.001 -0.02586 0.0035 -0.00344374 -0.02586 0.00390916 -0.00311745 -0.02586 0.007 -0.00173205 -0.02586 0.00626795 -0.001 -0.02586 0.00390916 0.00311745 -0.02586 0.006 -0 -0.02586 0.00487464 -0.0011126 -0.02586 0.00487464 0.00111261 0.00365999 0.074 0.01517706 0.0013346 0.074 0.01617177 -0.00258583 0.074 0.00300107 -0.00145534 0.074 0.00190123 7E-05 0.074 0.0015 0.00159534 0.074 0.00190123 0.00272583 0.074 0.00300107 -0.00302883 0.074 0.00451482 -0.00493638 0.074 0.00617558 -0.00603704 0.074 0.00845273 -0.00615343 0.074 0.01097926 -0.00526678 0.074 0.01334796 -0.00351999 0.074 0.01517706 -0.0011946 0.074 0.01617177 0.00316883 0.074 0.00451482 0.00507638 0.074 0.00617558 0.00617704 0.074 0.00845273 0.00629343 0.074 0.01097926 0.00540678 0.074 0.01334796 7E-05 0.071 0.0015 -0.02086 0.00216942 0.00450484 -0.02086 0.00390916 0.00311745 -0.02086 0.00397376 0.00303467 -0.02086 0.00390916 -0.00311745 -0.02086 0.00487464 -0.0011126 -0.02086 0.00487464 0.00111261 -0.02086 0.00216942 -0.00450485 -0.02086 0 -0.005 -0.02086 -0.00216942 -0.00450485 -0.02086 -0.00310314 -0.00392053 -0.02086 -0.00390916 -0.00311745 -0.02086 -0.00487464 -0.0011126 -0.02086 -0.00487464 0.00111261 -0.02086 -0.00390916 0.00311745 -0.02086 -0.00310314 0.00392052 -0.02086 -0.00216942 0.00450484 -0.02086 0 0.005 -0.02086 0.01046162 -0.00339919 -0.02086 0.00889919 -0.00646564 -0.02086 0.00646564 -0.00889919 -0.02086 0.00339919 -0.01046162 -0.02086 0 -0.011 -0.02086 -0.00303333 -0.0105735 -0.02086 -0.00339919 -0.01046162 -0.02086 -0.00646564 -0.00889919 -0.02086 -0.00889918 -0.00646564 -0.02086 -0.01046162 -0.00339919 -0.02086 -0.011 -0 -0.02086 -0.01046162 0.00339919 -0.02086 -0.00889918 0.00646564 -0.02086 -0.00646564 0.00889919 -0.02086 -0.00339919 0.01046162 -0.02086 0 0.011 -0.02086 0.00339919 0.01046162 -0.02086 0.00646564 0.00889919 -0.02086 0.00889919 0.00646564 -0.02086 0.01046162 0.00339919 -0.02086 0.0105735 0.00303333 -0.02086 0.011 -0 0.021 0.00216942 -0.00450485 0.021 0.00390916 -0.00311745 0.021 0.00397376 -0.00303467 0.021 0.00487464 -0.0011126 0.021 0.00487464 0.00111261 0.021 0.00390916 0.00311745 0.021 0.00216942 0.00450484 0.021 0 0.005 0.021 -0.00216942 0.00450484 0.021 -0.00310314 0.00392052 0.021 -0.00390916 0.00311745 0.021 -0.00487464 0.00111261 0.021 -0.00487464 -0.0011126 0.021 -0.00390916 -0.00311745 0.021 -0.00310314 -0.00392053 0.021 -0.00216942 -0.00450485 0.021 0 -0.005 0.021 0.01046162 0.00339919 0.021 0.00889919 0.00646564 0.021 0.00646564 0.00889919 0.021 0.00339919 0.01046162 0.021 0 0.011 0.021 -0.00303333 0.0105735 0.021 -0.00339919 0.01046162 0.021 -0.00646564 0.00889919 0.021 -0.00889918 0.00646564 0.021 -0.01046162 0.00339919 0.021 -0.011 -0 0.021 -0.01046162 -0.00339919 0.021 -0.00889918 -0.00646564 0.021 -0.00646564 -0.00889919 0.021 -0.00339919 -0.01046162 0.021 0 -0.011 0.021 0.00339919 -0.01046162 0.021 0.00646564 -0.00889919 0.021 0.00889919 -0.00646564 0.021 0.01046162 -0.00339919 0.021 0.0105735 -0.00303333 0.021 0.011 -0 -0.02436 -0.01 -0 -0.02436 -0.00973205 0.001 -0.02436 -0.009 0.00173205 -0.02436 -0.008 0.002 -0.02436 -0.007 0.00173205 -0.02436 -0.00626795 0.001 -0.02436 -0.006 -0 -0.02436 -0.00626795 -0.001 -0.02436 -0.007 -0.00173205 -0.02436 -0.008 -0.002 -0.02436 -0.009 -0.00173205 -0.02436 -0.00973205 -0.001 -0.02436 -0.002 -0.008 -0.02436 -0.00173205 -0.007 -0.02436 -0.001 -0.00626795 -0.02436 0 -0.006 -0.02436 0.001 -0.00626795 -0.02436 0.00173205 -0.007 -0.02436 0.002 -0.008 -0.02436 0.00173205 -0.009 -0.02436 0.001 -0.00973205 -0.02436 0 -0.01 -0.02436 -0.001 -0.00973205 -0.02436 -0.00173205 -0.009 -0.02436 -0.002 0.008 -0.02436 -0.00173205 0.009 -0.02436 -0.001 0.00973205 -0.02436 0 0.01 -0.02436 0.001 0.00973205 -0.02436 0.00173205 0.009 -0.02436 0.002 0.008 -0.02436 0.00173205 0.007 -0.02436 0.001 0.00626795 -0.02436 0 0.006 -0.02436 -0.001 0.00626795 -0.02436 -0.00173205 0.007 -0.02436 0.006 -0 -0.02436 0.00626795 0.001 -0.02436 0.007 0.00173205 -0.02436 0.008 0.002 -0.02436 0.009 0.00173205 -0.02436 0.00973205 0.001 -0.02436 0.01 -0 -0.02436 0.00973205 -0.001 -0.02436 0.009 -0.00173205 -0.02436 0.008 -0.002 -0.02436 0.007 -0.00173205 -0.02436 0.00626795 -0.001 0.0245 0.007 0.00173205 0.0245 0.00626795 0.001 0.0245 0.006 -0 0.0245 0.00626795 -0.001 0.0245 0.007 -0.00173205 0.0245 0.008 -0.002 0.0245 0.009 -0.00173205 0.0245 0.00973205 -0.001 0.0245 0.01 -0 0.0245 0.00973205 0.001 0.0245 0.009 0.00173205 0.0245 0.008 0.002 0.0245 0.00173205 0.009 0.0245 0.001 0.00973205 0.0245 0 0.01 0.0245 -0.001 0.00973205 0.0245 -0.00173205 0.009 0.0245 -0.002 0.008 0.0245 -0.00173205 0.007 0.0245 -0.001 0.00626795 0.0245 0 0.006 0.0245 0.001 0.00626795 0.0245 0.00173205 0.007 0.0245 0.002 0.008 0.0245 -0.007 0.00173205 0.0245 -0.008 0.002 0.0245 -0.009 0.00173205 0.0245 -0.00973205 0.001 0.0245 -0.01 -0 0.0245 -0.00973205 -0.001 0.0245 -0.009 -0.00173205 0.0245 -0.008 -0.002 0.0245 -0.007 -0.00173205 0.0245 -0.00626795 -0.001 0.0245 -0.006 -0 0.0245 -0.00626795 0.001 0.0245 0.001 -0.00626795 0.0245 0 -0.006 0.0245 -0.001 -0.00626795 0.0245 -0.00173205 -0.007 0.0245 -0.002 -0.008 0.0245 -0.00173205 -0.009 0.0245 -0.001 -0.00973205 0.0245 0 -0.01 0.0245 0.001 -0.00973205 0.0245 0.00173205 -0.009 0.0245 0.002 -0.008 0.0245 0.00173205 -0.007 0.00629343 0.07120261 0.01097926 -0.00615554 0.07125944 0.00903424 -0.00615343 0.07120261 0.01097926 -0.00617019 0.0715 0.01086603 -0.00621013 0.07186603 0.0105 -0.00622466 0.07196581 0.01025924 -0.00623 0.072 0.01 -0.00622467 0.07196587 0.00974098 -0.00621013 0.07186603 0.0095 -0.00617019 0.0715 0.00913398 0.00636467 0.07196587 0.01025902 0.00635013 0.07186603 0.0105 0.00629551 0.07125873 0.00903405 0.00631019 0.0715 0.00913398 0.00635013 0.07186603 0.0095 0.00636466 0.07196581 0.00974076 0.00637 0.072 0.01 0.00631019 0.0715 0.01086603 0.00294901 0.07131065 0.00345053 0.00291362 0.07150081 0.00336556 0.00288891 0.07158624 0.00331014 0.00240121 0.0719984 0.0025566 0.00262514 0.07193874 0.00284465 0.00272829 0.07186303 0.00300516 0.0027832 0.07179964 0.00310049 0.00174995 0.07186293 0.00199466 0.00189964 0.07191543 0.00209752 0.00197821 0.0719393 0.0021569 0.00234639 0.07199999 0.0024957 7.968E-05 0.0710055 0.00150002 0.00087157 0.07144692 0.00160542 0.00096955 0.07149898 0.00163338 0.00127971 0.07165661 0.00174577 0.00159066 0.07179895 0.0018986 -0.00113971 0.07165661 0.00174577 -0.00082345 0.07149576 0.00163154 -0.00035652 0.07124103 0.00152948 6.032E-05 0.0710055 0.00150002 -0.00183822 0.0719393 0.0021569 -0.00220639 0.07199999 0.0024957 -0.0022612 0.0719984 0.0025566 -0.00248514 0.07193874 0.00284465 -0.00160717 0.07186188 0.00199288 -0.00145104 0.07179911 0.00189881 -0.00122444 0.07169726 0.00178319 -0.00277362 0.07150081 0.00336556 -0.00280901 0.07131065 0.00345053 -0.00274891 0.07158624 0.00331014 -0.0026432 0.07179964 0.00310049 -0.00258829 0.07186303 0.00300516 0.06100649 0.072 0.0185 0.06100649 0.072 0.017 0.06107 0.072 0.018 0.06107 0.072 0.017 0.02519591 0.072 0.00818493 0.02449495 0.072 0.00874394 0.01607 0.072 0.0055 0.02410594 0.072 0.00955172 0.01607 0.072 0.01 0.02410594 0.072 0.01044828 0.01607 0.072 0.0145 0.02449495 0.072 0.01125606 0.05194409 0.072 0.01181506 0.05264505 0.072 0.01125606 0.06107 0.072 0.0145 0.05303406 0.072 0.01044828 0.06107 0.072 0.0055 0.05303406 0.072 0.00955172 0.05264505 0.072 0.00874394 0.05194409 0.072 0.00818493 0.05107 0.072 0.00798543 0.02607 0.072 0.00798543 0.02519591 0.072 0.01181506 0.02607 0.072 0.01201457 0.05107 0.072 0.01201457 0.01607 0.07186603 0.0105 0.01607 0.0715 0.01086603 0.01607 0.07186603 0.0095 0.01607 0.0715 0.00913398 0.01607 0.071 0.009 0.01607 0.0605 0.00913398 0.01607 0.06013397 0.0095 0.01607 0.059 0.0055 0.01607 0.06 0.01 0.01607 0.059 0.0145 0.01607 0.06186603 0.0105 0.01607 0.0615 0.01086603 0.01607 0.0705 0.00913398 0.01607 0.061 0.011 0.01607 0.07013398 0.0095 0.01607 0.062 0.01 0.01607 0.06186603 0.0095 0.01607 0.0615 0.00913398 0.01607 0.061 0.009 0.01607 0.06013397 0.0105 0.01607 0.0605 0.01086603 0.01607 0.07 0.01 0.01607 0.07013398 0.0105 0.01607 0.0705 0.01086603 0.01607 0.071 0.011 0.01607 0.0605 0.00163397 0.01607 0.06013397 0.002 0.01607 0.059 -0 0.01607 0.06 0.0025 0.01607 0.059 0.0045 0.01607 0.06013397 0.003 0.01607 0.0605 0.00336603 0.01607 0.07 -0 0.01607 0.0615 0.00163397 0.01607 0.061 0.0015 0.01607 0.061 0.0035 0.01607 0.0615 0.00336603 0.01607 0.07 0.003 0.01607 0.072 0.0045 0.01607 0.0727 0.003 0.01607 0.072 0.00455 0.01607 0.0727 0.00455 0.01607 0.06186603 0.003 0.01607 0.062 0.0025 0.01607 0.06186603 0.002 0.06072 0.074 0.00423301 0.06047 0.074 0.0043 0.06107 0.0739999 0.0065 0.01407 0.0739999 0.0065 0.01467 0.074 0.0043 0.01442 0.074 0.00423301 0.01423699 0.074 0.00355 0.01407 0.074 -0 0.01417 0.074 0.0038 0.01423699 0.074 0.00405 0.06048421 0.074 0.00058579 0.05983537 0.074 0.00015224 0.05907 0.074 -0 0.06072 0.074 0.00336699 0.06107 0.074 0.002 0.06047 0.074 0.0033 0.06091776 0.074 0.00123463 0.06090302 0.074 0.00355 0.06097 0.074 0.0038 0.06090302 0.074 0.00405 0.01467 0.074 0.0033 0.01442 0.074 0.00336699 0.02607 0.0739999 0.00798543 0.02519591 0.0739999 0.00818493 0.02449495 0.0739999 0.00874394 0.02410594 0.0739999 0.00955172 0.02410594 0.0739999 0.01044828 0.02449495 0.0739999 0.01125606 0.02519591 0.0739999 0.01181506 0.02607 0.0739999 0.01201457 0.05107 0.0739999 0.00798543 0.05107 0.0739999 0.01201457 0.05194409 0.0739999 0.01181506 0.05264505 0.0739999 0.01125606 0.05303406 0.0739999 0.01044828 0.05303406 0.0739999 0.00955172 0.05264505 0.0739999 0.00874394 0.05194409 0.0739999 0.00818493 0.05907 0.07 0.02 0.05907 0.074 0.02 0.01607 0.07 0.02 0.01407 0.074 0.02 0.01607 0.059 0.02 0.01407 0.059 0.02 0.06107 0.07 0.0015 0.06107 0.072 0.0015 0.06107 0.07 0.003 0.06107 0.072 0.002 0.06107 0.0727 0.003 0.06107 0.0727 0.00455 0.06107 0.072 0.00455 0.06107 0.0739999 0.0135 0.06107 0.074 0.018 0.06107 0.0727 0.017 0.06107 0.0727 0.01545 0.06107 0.072 0.01545 0.01407 0.059 -0 0.05907 0.07 -0 0.01467 0.074 0.0167 0.01442 0.074 0.01663301 0.06047 0.074 0.0167 0.05983537 0.074 0.01984776 0.01423699 0.074 0.01645 0.01417 0.074 0.0162 0.01407 0.0739999 0.0135 0.01423699 0.074 0.01595 0.01442 0.074 0.01576699 0.01467 0.074 0.0157 0.06047 0.074 0.0157 0.06072 0.074 0.01576699 0.06090302 0.074 0.01595 0.06097 0.074 0.0162 0.06048421 0.074 0.01941421 0.06091776 0.074 0.01876537 0.06072 0.074 0.01663301 0.06090302 0.074 0.01645 0.01607 0.07 0.017 0.06100649 0.07 0.017 0.06048421 0.07 0.01941421 0.05983537 0.07 0.01984776 0.06091776 0.07 0.01876537 0.06100649 0.07 0.0185 0.06100649 0.07 0.0015 0.05983537 0.07 0.00015224 0.06048421 0.07 0.00058579 0.06091776 0.07 0.00123463 0.01607 0.059 0.0155 0.01607 0.072 0.0155 0.01607 0.061 0.0165 0.01607 0.0605 0.01663397 0.01607 0.061 0.0185 0.01607 0.0615 0.01836603 0.01607 0.06186603 0.018 0.01607 0.072 0.01545 0.01607 0.0727 0.01545 0.01607 0.0727 0.017 0.01607 0.062 0.0175 0.01607 0.06186603 0.017 0.01607 0.0615 0.01663397 0.01607 0.06013397 0.018 0.01607 0.06 0.0175 0.01607 0.06013397 0.017 0.01607 0.0605 0.01836603 0.06107 0.072 0.0155 0.06107 0.072 0.0045 0.06100649 0.072 0.0015 0.01467 0.0735 0.0157 0.01442 0.0735 0.01576699 0.01423699 0.0735 0.01595 0.01417 0.0735 0.0162 0.01423699 0.0735 0.01645 0.01442 0.0735 0.01663301 0.01467 0.0735 0.0167 0.06047 0.0735 0.0157 0.06047 0.0735 0.0167 0.06072 0.0735 0.01663301 0.06090302 0.0735 0.01645 0.06097 0.0735 0.0162 0.06090302 0.0735 0.01595 0.06072 0.0735 0.01576699 0.01467 0.0735 0.0033 0.01442 0.0735 0.00336699 0.01423699 0.0735 0.00355 0.01417 0.0735 0.0038 0.01423699 0.0735 0.00405 0.01442 0.0735 0.00423301 0.01467 0.0735 0.0043 0.06047 0.0735 0.0033 0.06047 0.0735 0.0043 0.06072 0.0735 0.00423301 0.06090302 0.0735 0.00405 0.06097 0.0735 0.0038 0.06090302 0.0735 0.00355 0.06072 0.0735 0.00336699 -0.06086649 0.072 0.0015 -0.06086649 0.072 0.003 -0.06093 0.072 0.002 -0.06093 0.072 0.003 -0.05093 0.072 0.00798543 -0.05180409 0.072 0.00818493 -0.06093 0.072 0.0055 -0.05250505 0.072 0.00874394 -0.05289406 0.072 0.00955172 -0.06093 0.072 0.0145 -0.05289406 0.072 0.01044828 -0.05250505 0.072 0.01125606 -0.02593 0.072 0.00798543 -0.01593 0.072 0.0055 -0.02505591 0.072 0.00818493 -0.02505591 0.072 0.01181506 -0.02435495 0.072 0.01125606 -0.01593 0.072 0.0145 -0.02396594 0.072 0.01044828 -0.01593 0.072 0.01 -0.02396594 0.072 0.00955172 -0.02435495 0.072 0.00874394 -0.05180409 0.072 0.01181506 -0.05093 0.072 0.01201457 -0.02593 0.072 0.01201457 -0.01593 0.07186603 0.0095 -0.01593 0.0715 0.00913398 -0.01593 0.07186603 0.0105 -0.01593 0.0715 0.01086603 -0.01593 0.071 0.011 -0.01593 0.0605 0.01086603 -0.01593 0.06013397 0.0105 -0.01593 0.059 0.0145 -0.01593 0.06 0.01 -0.01593 0.059 0.0055 -0.01593 0.06186603 0.0095 -0.01593 0.0615 0.00913398 -0.01593 0.0705 0.01086603 -0.01593 0.061 0.009 -0.01593 0.07013398 0.0105 -0.01593 0.062 0.01 -0.01593 0.06186603 0.0105 -0.01593 0.0615 0.01086603 -0.01593 0.061 0.011 -0.01593 0.06013397 0.0095 -0.01593 0.0605 0.00913398 -0.01593 0.07 0.01 -0.01593 0.07013398 0.0095 -0.01593 0.0705 0.00913398 -0.01593 0.071 0.009 -0.01593 0.0605 0.01836603 -0.01593 0.06013397 0.018 -0.01593 0.059 0.02 -0.01593 0.06 0.0175 -0.01593 0.059 0.0155 -0.01593 0.06013397 0.017 -0.01593 0.0605 0.01663397 -0.01593 0.07 0.02 -0.01593 0.0615 0.01836603 -0.01593 0.061 0.0185 -0.01593 0.061 0.0165 -0.01593 0.0615 0.01663397 -0.01593 0.07 0.017 -0.01593 0.072 0.0155 -0.01593 0.0727 0.017 -0.01593 0.072 0.01545 -0.01593 0.0727 0.01545 -0.01593 0.06186603 0.017 -0.01593 0.062 0.0175 -0.01593 0.06186603 0.018 -0.06093 0.0739999 0.0135 -0.06058 0.074 0.01576699 -0.06033 0.074 0.0157 -0.06034421 0.074 0.01941421 -0.05969537 0.074 0.01984776 -0.05893 0.074 0.02 -0.06058 0.074 0.01663301 -0.06093 0.074 0.018 -0.06033 0.074 0.0167 -0.06077776 0.074 0.01876537 -0.01393 0.0739999 0.0135 -0.01453 0.074 0.0157 -0.01428 0.074 0.01576699 -0.01453 0.074 0.0167 -0.01393 0.074 0.02 -0.01428 0.074 0.01663301 -0.06076301 0.074 0.01645 -0.06083 0.074 0.0162 -0.06076301 0.074 0.01595 -0.01409699 0.074 0.01595 -0.01403 0.074 0.0162 -0.01409699 0.074 0.01645 -0.02593 0.0739999 0.01201457 -0.02505591 0.0739999 0.01181506 -0.02435495 0.0739999 0.01125606 -0.02396594 0.0739999 0.01044828 -0.02396594 0.0739999 0.00955172 -0.02435495 0.0739999 0.00874394 -0.02505591 0.0739999 0.00818493 -0.02593 0.0739999 0.00798543 -0.05093 0.0739999 0.01201457 -0.05093 0.0739999 0.00798543 -0.05180409 0.0739999 0.00818493 -0.05250505 0.0739999 0.00874394 -0.05289406 0.0739999 0.00955172 -0.05289406 0.0739999 0.01044828 -0.05250505 0.0739999 0.01125606 -0.05180409 0.0739999 0.01181506 -0.05893 0.07 -0 -0.05893 0.074 -0 -0.01593 0.07 -0 -0.01393 0.074 -0 -0.01593 0.059 -0 -0.01393 0.059 -0 -0.06093 0.07 0.0185 -0.06093 0.072 0.0185 -0.06093 0.07 0.017 -0.06093 0.072 0.018 -0.06093 0.0727 0.017 -0.06093 0.0727 0.01545 -0.06093 0.072 0.01545 -0.06093 0.0739999 0.0065 -0.06093 0.074 0.002 -0.06093 0.0727 0.003 -0.06093 0.0727 0.00455 -0.06093 0.072 0.00455 -0.01393 0.059 0.02 -0.05893 0.07 0.02 -0.01428 0.074 0.00423301 -0.01453 0.074 0.0043 -0.01393 0.0739999 0.0065 -0.06033 0.074 0.0043 -0.06058 0.074 0.00423301 -0.05969537 0.074 0.00015224 -0.06034421 0.074 0.00058579 -0.06077776 0.074 0.00123463 -0.06076301 0.074 0.00405 -0.06083 0.074 0.0038 -0.01428 0.074 0.00336699 -0.01409699 0.074 0.00355 -0.01403 0.074 0.0038 -0.01409699 0.074 0.00405 -0.06033 0.074 0.0033 -0.01453 0.074 0.0033 -0.06058 0.074 0.00336699 -0.06076301 0.074 0.00355 -0.01593 0.07 0.003 -0.06086649 0.07 0.003 -0.06034421 0.07 0.00058579 -0.05969537 0.07 0.00015224 -0.06077776 0.07 0.00123463 -0.06086649 0.07 0.0015 -0.06086649 0.07 0.0185 -0.05969537 0.07 0.01984776 -0.06034421 0.07 0.01941421 -0.06077776 0.07 0.01876537 -0.01593 0.059 0.0045 -0.01593 0.072 0.0045 -0.01593 0.061 0.0035 -0.01593 0.0605 0.00336603 -0.01593 0.061 0.0015 -0.01593 0.0615 0.00163397 -0.01593 0.06186603 0.002 -0.01593 0.072 0.00455 -0.01593 0.0727 0.00455 -0.01593 0.0727 0.003 -0.01593 0.062 0.0025 -0.01593 0.06186603 0.003 -0.01593 0.0615 0.00336603 -0.01593 0.06013397 0.002 -0.01593 0.06 0.0025 -0.01593 0.06013397 0.003 -0.01593 0.0605 0.00163397 -0.06093 0.072 0.0045 -0.06093 0.072 0.0155 -0.06086649 0.072 0.0185 -0.01453 0.0735 0.0043 -0.01428 0.0735 0.00423301 -0.01409699 0.0735 0.00405 -0.01403 0.0735 0.0038 -0.01409699 0.0735 0.00355 -0.01428 0.0735 0.00336699 -0.01453 0.0735 0.0033 -0.06033 0.0735 0.0043 -0.06033 0.0735 0.0033 -0.06058 0.0735 0.00336699 -0.06076301 0.0735 0.00355 -0.06083 0.0735 0.0038 -0.06076301 0.0735 0.00405 -0.06058 0.0735 0.00423301 -0.01453 0.0735 0.0167 -0.01428 0.0735 0.01663301 -0.01409699 0.0735 0.01645 -0.01403 0.0735 0.0162 -0.01409699 0.0735 0.01595 -0.01428 0.0735 0.01576699 -0.01453 0.0735 0.0157 -0.06033 0.0735 0.0167 -0.06033 0.0735 0.0157 -0.06058 0.0735 0.01576699 -0.06076301 0.0735 0.01595 -0.06083 0.0735 0.0162 -0.06076301 0.0735 0.01645 -0.06058 0.0735 0.01663301</float_array>
          <technique_common>
            <accessor source="#pos_0-array" count="4371" stride="3">
              <param name="X" type="float"/>
              <param name="Y" type="float"/>
              <param name="Z" type="float"/>
            </accessor>
          </technique_common>
        </source>
        <source id="norm_0">
          <float_array id="norm_0-array" count="1335">0 -1 0 0 0 1 -1 -0 0 1 0 -0 -0 -0.25882 -0.96593 -0 -0.70711 -0.70711 -0 -0.96593 -0.25882 0 -0.96593 0.25882 0 -0.70711 0.70711 0 -0.25882 0.96593 0 0.25882 0.96593 0 0.70711 0.70711 0 0.96593 0.25882 -0 0.96593 -0.25882 -0 0.70711 -0.70711 -0 0.25882 -0.96593 -0 -0.25882 -0.96593 -0 -0.70711 -0.70711 -0 -0.96593 -0.25882 0 -0.96593 0.25882 0 -0.70711 0.70711 0 -0.25882 0.96593 0 0.25882 0.96593 0 0.96593 0.25882 -0 0.96593 -0.25882 -0 0.25882 -0.96593 -0 -0.25881 -0.96593 -0 -0.96593 -0.25882 0 -0.25881 0.96593 0 0.25881 0.96593 -0 0.25881 -0.96593 -0 -0.25882 -0.96593 -0 -0.70711 -0.70711 -0 -0.96593 -0.25882 0 -0.96593 0.25882 0 -0.70711 0.70711 0 -0.25882 0.96593 0 0.96593 0.25882 -0 0.96593 -0.25882 -0 -0 -1 -0 1 -0 -0.64239 -0.76638 0 0.64239 0.76638 -0 0.64239 -0.76638 -0 -0.64239 0.76638 0 0 -0.11196 0.99371 0 -0.33028 0.94388 0 -0.53203 0.84672 0 -0.84672 0.53203 0 -0.94388 0.33028 0 -0.99371 0.11196 -0 -0.99611 -0.08808 0.04225 -0.99283 -0.11186 -0 -0.97999 -0.19905 -0 -0.94388 -0.33028 -0 -0.84672 -0.53203 -0 -0.70711 -0.70711 -0 -0.53203 -0.84672 -0 -0.33028 -0.94388 -0 -0.11196 -0.99371 0 -0.08808 0.99611 -0.04225 -0.11186 0.99283 0 -0.19905 0.97999 -0 -0.99371 -0.11196 -0.0181 -0.62339 -0.7817 -0 -0.74761 -0.66413 -0 -0.78833 -0.61525 0.00446 -0.90096 -0.43388 0 -0.90097 0.43388 -0 -0.90548 -0.4244 0 -0.62349 0.78183 0 -0.6235 0.78183 0 -0.62349 0.78183 0 -0.62349 0.78183 0 -0.22252 0.97493 0 0.22252 0.97493 0 0.53048 0.84769 0.01141 0.57364 0.81903 -0.00644 0.7058 0.70838 0 0.74155 0.67089 0 0.90097 0.43388 0 0.99371 0.11197 -0.02506 0.99969 0 -0 0.99371 -0.11197 -0 0.90097 -0.43388 -0 0.70581 -0.7084 0.02506 0.62329 -0.78159 -0 0.53048 -0.84769 -0 0.22252 -0.97493 -0 -0.22252 -0.97493 -0 -0.58109 -0.81384 -0 0.98769 -0.15643 -0 0.89101 -0.45399 -0 0.70711 -0.70711 -0 0.45399 -0.89101 -0 0.15643 -0.98769 -0 -0.13923 -0.99026 -0.01775 -0.15641 -0.98753 -0 -0.29243 -0.95629 -0 -0.45399 -0.89101 -0 -0.70711 -0.70711 -0 -0.89101 -0.45399 -0 -0.98769 -0.15643 0 -0.98769 0.15643 0 -0.89101 0.45399 0 -0.70711 0.70711 0 -0.45399 0.89101 0 -0.15643 0.98769 0 0.15643 0.98769 0 0.45399 0.89101 0 0.70711 0.70711 0 0.89101 0.45399 0 0.95629 0.29243 -0.01775 0.98753 0.15641 0 0.99026 0.13924 0.02007 -0.62336 0.78167 0 -0.74155 0.67089 0 -0.78835 0.61523 -0.00446 -0.90096 0.43388 0 -0.90548 0.4244 0 -0.99371 0.11196 0.02506 -0.99969 -0 -0 -0.99371 -0.11196 -0 -0.90097 -0.43388 -0 -0.62349 -0.78183 -0.0134 0.58103 -0.81377 0.00646 0.7058 -0.70838 -0 0.74762 -0.66413 0 0.62349 0.78183 -0.01153 0.70577 0.70835 -0.02506 0.6233 0.78158 -0.03665 0.53013 0.84713 0 0.62349 0.78183 0 -0.57368 0.81908 0 0.98769 0.15643 0 -0.13924 0.99026 0.01775 -0.15641 0.98753 0 -0.29242 0.95629 -0 -0.15643 -0.98769 -0 0.95629 -0.29243 0.01775 0.98753 -0.15641 -0 0.99026 -0.13924 -0 0.96593 -0.25882 -0 0.7071 -0.70711 -0 0.25882 -0.96593 -0 -0.25882 -0.96593 -0 -0.70711 -0.70711 -0 -0.96593 -0.25882 0 -0.96593 0.25882 0 -0.70711 0.70711 0 -0.25882 0.96593 0 0.25882 0.96593 0 0.96593 0.25882 -0 0.96593 -0.25882 -0 0.70711 -0.70711 -0 0.25882 -0.96593 -0 -0.70711 -0.7071 -0 -0.96593 -0.25882 0 -0.96593 0.25882 0 0.25882 0.96593 0 0.70711 0.70711 0 0.96593 0.25882 0 -0.96593 0.25882 0 -0.70711 0.7071 0 0.70711 0.70711 -0 0.70711 -0.70711 -0 -0.70711 -0.70711 -0 -0.96593 -0.25882 0 -0.96593 0.25882 0 -0.70711 0.70711 -0.93575 -0.02081 -0.35205 0.97929 -0.00629 0.20236 0.93654 0 -0.35057 0.98922 0 -0.14645 0.99392 -0.00168 -0.11012 0.9978 -0.01188 -0.06517 0.99936 -0.02648 -0.02407 0.9971 -0.06067 0.04593 0.99689 -0.07289 0.03011 0.99606 -0.04262 0.07779 0.97693 -0.02824 0.21167 -0.99781 -0.01188 -0.06514 -0.98644 -0.00786 0.16395 -0.99179 -0.01834 0.12655 -0.99606 -0.04261 0.0778 -0.99696 -0.06288 0.04593 -0.99829 -0.05161 0.02735 -0.99936 -0.02649 -0.02404 0.65664 0 0.75421 0.90034 0 0.43518 0.98143 0 0.19182 0.99179 -0.01834 0.12655 0.93575 -0.02079 -0.35205 0.72319 -0 -0.69065 0.39329 -0 -0.91941 -0.39329 -0 -0.91941 -0.72319 -0 -0.69065 -0.93654 -0 -0.35056 -0.98921 -0 -0.14648 -0.99392 -0.00168 -0.11012 -0.97929 -0.00627 0.20236 -0.97986 -0 0.19969 -0.90034 -0 0.43518 -0.65663 0 0.75421 -0.98059 -0.02995 0.19379 -0.9795 -0.10572 0.17145 -0.97622 -0 0.21679 -0.94146 -0.05669 0.33234 -0.79026 -0.00789 0.61273 -0.84125 7E-05 0.54064 -0.95975 -0.00057 0.28087 -0.89297 -0.122 0.43327 -0.92122 -0.08288 0.38012 -0.56516 -0.00482 0.82497 -0.60051 -0.01238 0.79952 -0.69675 -0.0406 0.71617 -0.6706 -0.05961 0.73942 -0.74331 -0.02787 0.66837 -0.13171 -0.00042 0.99129 -0.25447 -0.03999 0.96625 -0.31216 -0.06172 0.94802 -0.25428 -0.02988 0.96667 -0.44102 -0.00014 0.8975 -0.51648 7E-05 0.8563 0.31136 -0.06128 0.94831 0.20262 -0.02086 0.97904 0.07038 -0.00022 0.99752 0.00154 0 1 -0.00154 0 1 0.67376 -0.0336 0.73819 0.69649 -0.04876 0.7159 0.74331 -0.02787 0.66837 0.79025 -0.0079 0.61273 0.57754 -0.00602 0.81634 0.51609 6E-05 0.85654 0.25439 -0.00057 0.9671 0.40857 -0.11837 0.90502 0.36523 -0.09138 0.92642 0.95216 -0.04196 0.3027 0.97933 0 0.20227 0.98059 -0.02995 0.19379 0.94146 -0.05669 0.33234 0.92121 -0.08289 0.38013 0.95967 -0.01233 0.28085 0.86652 -4E-05 0.49913 0.84126 7E-05 0.54063 0 -0.89703 0.44197 0 -0.80012 0.59984 0 -0.52822 0.84911 0 -0.18444 0.98284 3E-05 -0.89069 0.45461 1E-05 -0.58054 0.81423 0 -0.00271 1 0 -0.25881 0.96593 -2E-05 -0.25873 0.96595 -0.00993 -0.45852 0.88863 -0.00011 -0.23208 0.9727 -0.00013 -0.70711 0.70711 -0.00785 -0.82624 0.56326 -0.00294 -0.72878 0.68474 -0.00787 -0.90635 -0.42245 0.00014 -0.96593 -0.25882 -3E-05 -0.83271 -0.5537 -0.00085 -0.97935 -0.20219 1E-05 -0.99966 -0.02618 -9E-05 -0.96593 0.25882 -0.00362 -0.98364 0.18013 -0.00077 -0.92748 0.37388 -2E-05 -0.70711 -0.70711 -0.00957 -0.54614 -0.83764 -0.00222 -0.70137 -0.71279 -0 -0.15727 -0.98756 0 0.25882 0.96593 0 0.7071 0.70711 0 0.96593 0.25881 -0 0.96593 -0.25881 -0 0.7071 -0.70711 -0 0.25882 -0.96593 -0 -0.25881 -0.96593 -0.00316 -0.24701 -0.96901 1E-05 -0.40795 -0.913 0.00316 -0.24701 -0.96901 -1E-05 -0.40795 -0.913 0 -0.54422 -0.83894 0.00192 -0.70711 -0.70711 0.00222 -0.70137 -0.71279 -1E-05 -0.99966 -0.02618 0.00085 -0.97935 -0.20219 0.00262 -0.96592 -0.25882 -5E-05 -0.90443 -0.42663 3E-05 -0.83271 -0.5537 6E-05 -0.98432 0.17639 0.00249 -0.96592 0.25882 -6E-05 -0.90435 0.4268 4E-05 -0.83179 0.5551 0.00194 -0.70711 0.70711 0.00378 -0.74672 0.66513 5E-05 -0.37184 0.9283 -4E-05 -0.57906 0.81529 0.00182 -0.67514 0.73768 0.00012 -0.25838 0.96604 0.00546 -0.1146 0.9934 -0 -0.10182 -0.9948 0.00911 -0.35538 -0.93468 -0 -0.92379 -0.38289 0.00875 -0.99136 -0.13091 -0 -0.96593 -0.25882 0 -0.99143 0.13063 0.00442 -0.96592 0.25882 0 -0.92384 0.38278 0.0117 -0.38235 0.92394 0 -0.13084 0.9914 0 -0.25882 0.96593 0 0.25882 0.96592 0 -0.13049 0.99145 -0.01167 -0.382 0.92409 -0 -0.92384 -0.38278 -0.00442 -0.96592 -0.25882 -0 -0.99143 -0.13063 0 -0.96593 0.25882 -0.00875 -0.99136 0.13091 0 -0.92379 0.38289 -0.00911 -0.35538 -0.93468 -0 -0.25882 -0.96593 -0 -0.7071 -0.70711 -0 -0.96593 -0.25881 0 -0.96593 0.25881 0 -0.7071 0.70711 0 -0.25882 0.96592 0 0.25882 0.96593 0 0.96593 0.25882 -0 0.96593 -0.25882 -0 0.25881 -0.96593 0 -0.25882 0.96593 0 0.25881 0.96593 1E-05 1 4E-05 -0 1 5E-05 -1E-05 1 4E-05 -0.00059 1 2E-05 -0.00012 1 3E-05 -4E-05 1 4E-05 0.0004 1 2E-05 0.00012 1 3E-05 4E-05 1 4E-05 0.22252 0 0.97493 0.62349 0 0.78183 0.90097 0 0.43389 0.90097 0 -0.43389 0.62349 -0 -0.78183 0.22252 -0 -0.97493 -0.22252 -0 -0.97493 -0.62349 -0 -0.78183 -0.90097 -0 -0.43389 -0.90097 -0 0.43389 -0.62349 0 0.78183 -0.22252 0 0.97493 -0.00059 1 -2E-05 -0.00012 1 -3E-05 -4E-05 1 -4E-05 -1E-05 1 -4E-05 -0 1 -5E-05 1E-05 1 -4E-05 4E-05 1 -4E-05 0.00012 1 -3E-05 0.0004 1 -2E-05 0.94839 0 -0.31711 0.98079 0 -0.19509 0.99166 0.02728 -0.12596 0.83147 0 -0.55557 0.55557 -0 -0.83147 0.19509 -0 -0.98079 0.94839 0 0.31711 0.99203 0 0.12601 0.98063 0.01762 0.19506 0.83147 0 0.55557 0.55557 0 0.83147 0.19509 0 0.98079 0.25883 0 0.96592 0.7071 0 0.70711 0.96593 0 0.25881 0.96593 0 -0.25881 0.7071 -0 -0.70711 0.25881 -0 -0.96593 -0.25881 -0 -0.96593 -0.7071 -0 -0.70711 -0.96593 -0 -0.25882 -0.96593 -0 0.25882 -0.7071 0 0.70711 -0.25883 0 0.96592 0.25883 -0 -0.96592 -0.25883 -0 -0.96592 0.27754 -0.96071 -0 -1E-05 1 -4E-05 1E-05 1 -4E-05 -0.0004 1 -2E-05 -0.00012 1 -3E-05 -4E-05 1 -4E-05 4E-05 1 -4E-05 0.00012 1 -3E-05 0.00059 1 -2E-05 -0.22252 -0 -0.97493 -0.62349 -0 -0.78183 -0.90097 -0 -0.43388 -0.90097 -0 0.43388 -0.62349 0 0.78183 -0.22252 0 0.97493 0.22252 0 0.97493 0.62349 0 0.78183 0.90097 0 0.43388 0.90097 0 -0.43388 0.62349 -0 -0.78183 0.22252 -0 -0.97493 1E-05 1 4E-05 -1E-05 1 4E-05 -4E-05 1 4E-05 -0.00012 1 3E-05 -0.0004 1 2E-05 0.00059 1 2E-05 0.00012 1 3E-05 4E-05 1 4E-05 -0.94839 -0 0.31712 -0.98079 -0 0.19509 -0.99166 0.02728 0.12596 -0.83147 -0 0.55557 -0.55557 0 0.83147 -0.19509 0 0.98079 -0.94839 -0 -0.31712 -0.99203 -0 -0.12601 -0.98063 0.01763 -0.19506 -0.83147 -0 -0.55557 -0.55557 -0 -0.83147 -0.19509 -0 -0.98079 -0.25882 -0 -0.96593 -0.70711 -0 -0.70711 -0.70711 0 0.70711 -0.25882 0 0.96593 0.25882 0 0.96592 0.70711 0 0.70711 0.96593 0 0.25882 0.96593 0 -0.25882 0.70711 -0 -0.70711 0.25882 -0 -0.96592 -0.25881 -0 -0.96593 0.25881 -0 -0.96593 -0.27754 -0.96071 0</float_array>
          <technique_common>
            <accessor source="#norm_0-array" count="1335" stride="3">
              <param name="X" type="float"/>
              <param name="Y" type="float"/>
              <param name="Z" type="float"/>
            </accessor>
          </technique_common>
        </source>
        <vertices id="vert_0">
          <input semantic="POSITION" source="#pos_0"/>
        </vertices>
        <triangles count="3234" material="mat_0">
          <input semantic="VERTEX" source="#vert_0" offset="0"/>
          <input semantic="NORMAL" source="#norm_0" offset="1"/>
          <p>0 0 1 0 2 0 2 0 1 0 3 0 4 0 5 0 6 0 6 0 5 0 7 0 6 0 7 0 8 0 8 0 9 0 6 0 6 0 9 0 10 0 6 0 10 0 11 0 12 0 13 0 14 0 14 0 13 0 11 0 14 0 11 0 15 0 15 0 11 0 10 0 16 0 17 0 18 0 19 0 20 0 21 0 21 0 20 0 16 0 21 0 16 0 22 0 22 0 16 0 18 0 23 0 24 0 25 0 26 0 27 0 28 0 28 0 27 0 23 0 28 0 23 0 29 0 29 0 23 0 25 0 30 1 31 1 32 1 33 1 34 1 35 1 35 1 34 1 36 1 35 1 36 1 37 1 30 1 32 1 38 1 39 1 40 1 41 1 41 1 40 1 42 1 32 1 41 1 38 1 38 1 41 1 42 1 38 1 42 1 33 1 33 1 42 1 43 1 33 1 43 1 34 1 34 1 43 1 44 1 45 1 46 1 47 1 48 1 49 1 50 1 50 1 49 1 51 1 50 1 51 1 46 1 46 1 51 1 44 1 46 1 44 1 47 1 47 1 44 1 43 1 47 1 40 1 45 1 45 1 40 1 39 1 45 1 39 1 52 1 52 1 39 1 53 1 52 1 53 1 54 1 54 1 53 1 55 1 54 1 55 1 56 1 57 1 1 1 58 1 58 1 1 1 0 1 59 2 60 2 43 2 43 2 60 2 47 2 42 3 40 3 61 3 61 3 40 3 62 3 63 4 64 4 65 4 65 4 64 4 66 4 65 5 66 5 67 5 67 5 66 5 68 5 67 6 68 6 69 6 69 6 68 6 70 6 69 7 70 7 71 7 71 7 70 7 72 7 71 8 72 8 73 8 73 8 72 8 74 8 73 9 74 9 75 9 75 9 74 9 76 9 75 10 76 10 77 10 77 10 76 10 78 10 77 11 78 11 79 11 79 11 78 11 80 11 79 12 80 12 81 12 81 12 80 12 82 12 81 13 82 13 83 13 83 13 82 13 84 13 83 14 84 14 85 14 85 14 84 14 86 14 85 15 86 15 63 15 63 15 86 15 64 15 87 16 88 16 89 16 89 16 88 16 90 16 89 17 90 17 91 17 91 17 90 17 92 17 91 18 92 18 93 18 93 18 92 18 94 18 93 19 94 19 95 19 95 19 94 19 96 19 95 20 96 20 97 20 97 20 96 20 98 20 97 21 98 21 99 21 99 21 98 21 100 21 99 22 100 22 101 22 101 22 100 22 102 22 101 11 102 11 103 11 103 11 102 11 104 11 103 23 104 23 105 23 105 23 104 23 106 23 105 24 106 24 107 24 107 24 106 24 108 24 107 14 108 14 109 14 109 14 108 14 110 14 109 25 110 25 87 25 87 25 110 25 88 25 111 26 112 26 113 26 113 26 112 26 114 26 113 5 114 5 115 5 115 5 114 5 116 5 115 27 116 27 117 27 117 27 116 27 118 27 117 7 118 7 119 7 119 7 118 7 120 7 119 8 120 8 121 8 121 8 120 8 122 8 121 28 122 28 123 28 123 28 122 28 124 28 123 29 124 29 125 29 125 29 124 29 126 29 125 11 126 11 127 11 127 11 126 11 128 11 127 12 128 12 129 12 129 12 128 12 130 12 129 24 130 24 131 24 131 24 130 24 132 24 131 14 132 14 133 14 133 14 132 14 134 14 133 30 134 30 111 30 111 30 134 30 112 30 135 31 136 31 137 31 137 31 136 31 138 31 137 32 138 32 139 32 139 32 138 32 140 32 139 33 140 33 141 33 141 33 140 33 142 33 141 34 142 34 143 34 143 34 142 34 144 34 143 35 144 35 145 35 145 35 144 35 146 35 145 36 146 36 147 36 147 36 146 36 148 36 147 10 148 10 149 10 149 10 148 10 150 10 149 11 150 11 151 11 151 11 150 11 152 11 151 37 152 37 153 37 153 37 152 37 154 37 153 38 154 38 155 38 155 38 154 38 156 38 155 14 156 14 157 14 157 14 156 14 158 14 157 15 158 15 135 15 135 15 158 15 136 15 159 36 160 36 161 36 161 36 160 36 162 36 161 35 162 35 163 35 163 35 162 35 164 35 163 34 164 34 165 34 165 34 164 34 166 34 165 33 166 33 167 33 167 33 166 33 168 33 167 32 168 32 169 32 169 32 168 32 170 32 169 31 170 31 171 31 171 31 170 31 172 31 171 15 172 15 173 15 173 15 172 15 174 15 173 14 174 14 175 14 175 14 174 14 176 14 175 38 176 38 177 38 177 38 176 38 178 38 177 37 178 37 179 37 179 37 178 37 180 37 179 11 180 11 181 11 181 11 180 11 182 11 181 10 182 10 159 10 159 10 182 10 160 10 183 28 184 28 185 28 185 28 184 28 186 28 185 8 186 8 187 8 187 8 186 8 188 8 187 7 188 7 189 7 189 7 188 7 190 7 189 27 190 27 191 27 191 27 190 27 192 27 191 5 192 5 193 5 193 5 192 5 194 5 193 26 194 26 195 26 195 26 194 26 196 26 195 30 196 30 197 30 197 30 196 30 198 30 197 14 198 14 199 14 199 14 198 14 200 14 199 24 200 24 201 24 201 24 200 24 202 24 201 12 202 12 203 12 203 12 202 12 204 12 203 11 204 11 205 11 205 11 204 11 206 11 205 29 206 29 183 29 183 29 206 29 184 29 207 9 208 9 209 9 209 9 208 9 210 9 209 8 210 8 211 8 211 8 210 8 212 8 211 7 212 7 213 7 213 7 212 7 214 7 213 6 214 6 215 6 215 6 214 6 216 6 215 5 216 5 217 5 217 5 216 5 218 5 217 4 218 4 219 4 219 4 218 4 220 4 219 15 220 15 221 15 221 15 220 15 222 15 221 14 222 14 223 14 223 14 222 14 224 14 223 13 224 13 225 13 225 13 224 13 226 13 225 12 226 12 227 12 227 12 226 12 228 12 227 11 228 11 229 11 229 11 228 11 230 11 229 10 230 10 207 10 207 10 230 10 208 10 231 21 232 21 233 21 233 21 232 21 234 21 233 20 234 20 235 20 235 20 234 20 236 20 235 19 236 19 237 19 237 19 236 19 238 19 237 18 238 18 239 18 239 18 238 18 240 18 239 17 240 17 241 17 241 17 240 17 242 17 241 16 242 16 243 16 243 16 242 16 244 16 243 25 244 25 245 25 245 25 244 25 246 25 245 14 246 14 247 14 247 14 246 14 248 14 247 24 248 24 249 24 249 24 248 24 250 24 249 23 250 23 251 23 251 23 250 23 252 23 251 11 252 11 253 11 253 11 252 11 254 11 253 22 254 22 231 22 231 22 254 22 232 22 255 0 46 0 256 0 256 0 46 0 45 0 257 3 258 3 259 3 260 3 257 3 261 3 36 3 262 3 263 3 264 3 265 3 266 3 266 3 265 3 267 3 266 3 267 3 268 3 267 3 269 3 268 3 268 3 269 3 270 3 268 3 270 3 34 3 34 3 270 3 271 3 34 3 271 3 272 3 272 3 273 3 34 3 34 3 273 3 274 3 34 3 274 3 36 3 36 3 274 3 275 3 36 3 275 3 262 3 276 3 36 3 266 3 266 3 36 3 263 3 266 3 263 3 264 3 276 3 277 3 36 3 36 3 277 3 278 3 36 3 278 3 37 3 37 3 278 3 279 3 280 3 281 3 282 3 282 3 281 3 283 3 282 3 283 3 284 3 284 3 283 3 285 3 284 3 285 3 278 3 278 3 285 3 286 3 278 3 286 3 279 3 280 3 287 3 281 3 281 3 287 3 288 3 281 3 288 3 289 3 288 3 290 3 289 3 289 3 290 3 291 3 289 3 291 3 292 3 292 3 291 3 293 3 292 3 293 3 266 3 266 3 293 3 294 3 266 3 294 3 276 3 295 3 296 3 297 3 297 3 296 3 298 3 295 3 299 3 296 3 296 3 299 3 300 3 296 3 300 3 301 3 301 3 300 3 302 3 301 3 302 3 303 3 303 3 302 3 304 3 304 3 305 3 303 3 303 3 305 3 306 3 303 3 306 3 307 3 306 3 308 3 307 3 307 3 308 3 309 3 307 3 309 3 310 3 310 3 309 3 311 3 310 3 311 3 298 3 298 3 311 3 312 3 298 3 312 3 297 3 296 3 313 3 266 3 266 3 313 3 314 3 314 3 315 3 266 3 266 3 315 3 316 3 266 3 316 3 292 3 292 3 316 3 317 3 292 3 317 3 289 3 289 3 317 3 318 3 318 3 319 3 289 3 289 3 319 3 320 3 289 3 320 3 303 3 320 3 321 3 303 3 303 3 321 3 322 3 303 3 322 3 301 3 301 3 322 3 323 3 301 3 323 3 296 3 296 3 323 3 324 3 296 3 324 3 313 3 34 3 44 3 268 3 268 3 44 3 325 3 268 3 325 3 326 3 296 3 327 3 328 3 327 3 296 3 329 3 329 3 296 3 266 3 329 3 266 3 330 3 331 3 332 3 326 3 326 3 332 3 333 3 326 3 333 3 268 3 268 3 333 3 334 3 268 3 334 3 335 3 335 3 336 3 268 3 268 3 336 3 337 3 268 3 337 3 266 3 266 3 337 3 338 3 266 3 338 3 330 3 339 3 261 3 340 3 340 3 261 3 298 3 340 3 298 3 341 3 342 3 343 3 296 3 339 3 344 3 261 3 261 3 344 3 326 3 261 3 326 3 260 3 260 3 326 3 325 3 344 3 345 3 326 3 326 3 345 3 346 3 326 3 346 3 347 3 328 3 331 3 296 3 296 3 331 3 326 3 296 3 326 3 342 3 342 3 326 3 347 3 343 3 348 3 296 3 296 3 348 3 349 3 296 3 349 3 298 3 298 3 349 3 350 3 298 3 350 3 341 3 257 3 259 3 261 3 261 3 259 3 351 3 261 3 351 3 298 3 298 3 351 3 352 3 298 3 352 3 310 3 310 3 352 3 353 3 310 3 353 3 307 3 354 39 355 39 356 39 356 39 355 39 357 39 357 39 358 39 356 39 356 39 358 39 359 39 356 39 359 39 360 39 360 39 359 39 353 39 361 39 355 39 61 39 61 39 355 39 354 39 61 39 354 39 59 39 59 39 354 39 362 39 60 39 59 39 259 39 259 39 59 39 362 39 259 39 362 39 351 39 351 39 362 39 360 39 351 39 360 39 352 39 352 39 360 39 353 39 363 39 364 39 365 39 365 39 364 39 366 39 365 39 366 39 258 39 258 39 366 39 255 39 259 39 258 39 60 39 60 39 258 39 255 39 60 39 255 39 62 39 62 39 255 39 256 39 61 39 62 39 361 39 361 39 62 39 256 39 361 39 256 39 367 39 367 39 256 39 368 39 367 39 368 39 369 39 369 39 368 39 370 39 369 39 370 39 371 39 372 2 373 2 374 2 374 2 373 2 375 2 374 2 375 2 376 2 31 2 377 2 32 2 32 2 377 2 378 2 32 2 378 2 379 2 380 2 381 2 382 2 382 2 381 2 41 2 382 2 41 2 383 2 380 2 384 2 381 2 381 2 384 2 385 2 381 2 385 2 379 2 386 2 387 2 32 2 32 2 387 2 388 2 32 2 388 2 41 2 41 2 388 2 389 2 41 2 389 2 383 2 385 2 390 2 379 2 379 2 390 2 391 2 379 2 391 2 32 2 32 2 391 2 392 2 32 2 392 2 386 2 393 2 359 2 394 2 394 2 359 2 395 2 394 2 396 2 393 2 393 2 396 2 397 2 393 2 397 2 398 2 398 2 397 2 399 2 398 2 399 2 400 2 400 2 399 2 401 2 401 2 402 2 400 2 400 2 402 2 403 2 400 2 403 2 357 2 403 2 404 2 357 2 357 2 404 2 405 2 357 2 405 2 358 2 358 2 405 2 406 2 358 2 406 2 359 2 359 2 406 2 407 2 359 2 407 2 395 2 408 2 393 2 409 2 409 2 393 2 410 2 409 2 411 2 408 2 408 2 411 2 412 2 408 2 412 2 413 2 413 2 412 2 414 2 413 2 414 2 379 2 379 2 414 2 415 2 415 2 416 2 379 2 379 2 416 2 417 2 379 2 417 2 400 2 417 2 418 2 400 2 400 2 418 2 419 2 400 2 419 2 398 2 398 2 419 2 420 2 398 2 420 2 393 2 393 2 420 2 421 2 393 2 421 2 410 2 378 2 422 2 379 2 379 2 422 2 423 2 379 2 423 2 413 2 413 2 423 2 424 2 413 2 424 2 408 2 408 2 424 2 425 2 425 2 426 2 408 2 408 2 426 2 427 2 408 2 427 2 373 2 31 2 428 2 377 2 377 2 428 2 429 2 377 2 429 2 430 2 430 2 429 2 376 2 430 2 376 2 431 2 431 2 376 2 375 2 431 2 375 2 432 2 432 2 375 2 373 2 432 2 373 2 433 2 433 2 373 2 427 2 39 2 41 2 434 2 434 2 41 2 381 2 434 2 381 2 435 2 435 2 381 2 436 2 435 2 436 2 361 2 361 2 436 2 355 2 437 2 438 2 436 2 438 2 439 2 436 2 436 2 439 2 440 2 436 2 440 2 355 2 440 2 441 2 355 2 355 2 441 2 442 2 355 2 442 2 357 2 357 2 442 2 443 2 400 2 444 2 445 2 443 2 446 2 357 2 357 2 446 2 447 2 357 2 447 2 400 2 400 2 447 2 448 2 400 2 448 2 444 2 436 2 449 2 450 2 449 2 436 2 451 2 451 2 436 2 381 2 451 2 381 2 452 2 445 2 437 2 400 2 400 2 437 2 436 2 400 2 436 2 453 2 453 2 436 2 450 2 454 2 455 2 379 2 379 2 455 2 456 2 379 2 456 2 381 2 381 2 456 2 457 2 381 2 457 2 452 2 453 2 458 2 400 2 400 2 458 2 459 2 400 2 459 2 379 2 379 2 459 2 460 2 379 2 460 2 454 2 40 40 47 40 62 40 62 40 47 40 60 40 461 2 360 2 462 2 462 2 360 2 362 2 33 2 463 2 464 2 463 2 33 2 465 2 35 2 466 2 0 2 0 2 466 2 467 2 33 2 468 2 362 2 362 2 468 2 469 2 362 2 469 2 470 2 467 2 471 2 0 2 0 2 471 2 472 2 0 2 472 2 58 2 470 2 473 2 362 2 362 2 473 2 474 2 362 2 474 2 462 2 462 2 474 2 475 2 462 2 475 2 476 2 464 2 477 2 33 2 33 2 477 2 478 2 33 2 478 2 479 2 480 2 481 2 482 2 482 2 481 2 483 2 482 2 483 2 484 2 484 2 483 2 485 2 484 2 485 2 23 2 11 2 13 2 486 2 487 2 488 2 477 2 477 2 488 2 489 2 477 2 489 2 478 2 476 2 475 2 490 2 490 2 475 2 491 2 490 2 491 2 482 2 482 2 491 2 492 2 482 2 492 2 480 2 480 2 492 2 493 2 480 2 493 2 494 2 494 2 493 2 495 2 494 2 495 2 479 2 479 2 495 2 496 2 479 2 496 2 33 2 33 2 496 2 497 2 33 2 497 2 468 2 2 2 498 2 0 2 0 2 498 2 499 2 0 2 499 2 500 2 11 2 486 2 501 2 501 2 486 2 502 2 501 2 502 2 503 2 503 2 502 2 504 2 503 2 504 2 485 2 485 2 504 2 505 2 485 2 505 2 23 2 23 2 505 2 506 2 23 2 506 2 24 2 499 2 507 2 500 2 500 2 507 2 508 2 500 2 508 2 501 2 501 2 508 2 509 2 501 2 509 2 11 2 510 2 511 2 0 2 487 2 512 2 488 2 488 2 512 2 513 2 488 2 513 2 500 2 500 2 513 2 514 2 500 2 514 2 0 2 0 2 514 2 515 2 0 2 515 2 510 2 33 2 35 2 465 2 465 2 35 2 0 2 465 2 0 2 516 2 516 2 0 2 511 2 57 3 517 3 1 3 1 3 517 3 518 3 519 3 520 3 356 3 356 3 520 3 521 3 356 3 521 3 354 3 522 3 523 3 524 3 524 3 523 3 525 3 524 3 525 3 526 3 526 3 525 3 527 3 528 3 529 3 530 3 530 3 529 3 531 3 530 3 531 3 532 3 532 3 531 3 533 3 532 3 533 3 534 3 534 3 533 3 535 3 4 3 6 3 536 3 536 3 6 3 537 3 356 3 538 3 519 3 519 3 538 3 534 3 519 3 534 3 539 3 539 3 534 3 535 3 537 3 540 3 541 3 541 3 540 3 527 3 541 3 527 3 542 3 542 3 527 3 525 3 542 3 525 3 543 3 543 3 525 3 544 3 543 3 544 3 20 3 20 3 544 3 545 3 20 3 545 3 16 3 546 3 547 3 548 3 549 3 550 3 551 3 551 3 550 3 552 3 551 3 552 3 522 3 552 3 553 3 522 3 522 3 553 3 554 3 522 3 554 3 523 3 523 3 554 3 555 3 523 3 555 3 534 3 534 3 555 3 556 3 534 3 556 3 532 3 521 3 557 3 354 3 354 3 557 3 558 3 354 3 558 3 559 3 528 3 530 3 559 3 559 3 530 3 560 3 559 3 560 3 354 3 354 3 560 3 561 3 354 3 561 3 562 3 3 3 1 3 563 3 563 3 1 3 518 3 563 3 518 3 548 3 548 3 518 3 564 3 549 3 551 3 562 3 562 3 551 3 565 3 562 3 565 3 354 3 354 3 565 3 566 3 354 3 566 3 38 3 38 3 566 3 567 3 38 3 567 3 568 3 537 3 6 3 540 3 540 3 6 3 569 3 540 3 569 3 546 3 546 3 569 3 570 3 546 3 570 3 547 3 568 3 571 3 38 3 38 3 571 3 546 3 38 3 546 3 30 3 30 3 546 3 548 3 30 3 548 3 572 3 572 3 548 3 564 3 255 41 366 41 46 41 46 41 366 41 50 41 573 42 365 42 258 42 258 42 257 42 573 42 573 42 257 42 260 42 573 42 260 42 51 42 51 42 260 42 325 42 51 42 325 42 44 42 365 3 574 3 363 3 363 3 574 3 575 3 363 3 575 3 576 3 576 3 575 3 577 3 576 3 577 3 578 3 579 3 580 3 581 3 573 3 582 3 579 3 581 3 580 3 583 3 583 3 580 3 584 3 583 3 584 3 585 3 585 3 584 3 586 3 585 3 586 3 587 3 581 3 588 3 579 3 579 3 588 3 589 3 579 3 589 3 573 3 573 3 589 3 590 3 573 3 590 3 365 3 365 3 590 3 591 3 365 3 591 3 574 3 592 3 593 3 586 3 586 3 593 3 594 3 586 3 594 3 595 3 578 3 587 3 576 3 576 3 587 3 586 3 576 3 586 3 596 3 596 3 586 3 595 3 584 3 597 3 586 3 586 3 597 3 598 3 586 3 598 3 599 3 600 3 601 3 602 3 602 3 601 3 603 3 602 3 603 3 604 3 592 3 605 3 606 3 606 3 605 3 607 3 606 3 607 3 608 3 608 3 607 3 609 3 608 3 609 3 610 3 610 3 609 3 611 3 603 3 612 3 604 3 604 3 612 3 613 3 604 3 613 3 611 3 611 3 613 3 614 3 611 3 614 3 610 3 615 3 616 3 573 3 573 3 616 3 617 3 573 3 617 3 582 3 582 3 617 3 618 3 619 3 620 3 621 3 622 3 623 3 624 3 624 3 623 3 601 3 624 3 601 3 625 3 625 3 601 3 600 3 625 3 600 3 626 3 626 3 600 3 627 3 626 3 627 3 628 3 628 3 627 3 629 3 628 3 629 3 599 3 599 3 629 3 630 3 599 3 630 3 586 3 586 3 630 3 631 3 586 3 631 3 592 3 592 3 631 3 632 3 592 3 632 3 605 3 623 3 633 3 601 3 601 3 633 3 634 3 601 3 634 3 49 3 49 3 634 3 635 3 49 3 635 3 51 3 51 3 635 3 636 3 51 3 636 3 637 3 51 3 638 3 573 3 573 3 638 3 639 3 573 3 639 3 615 3 640 3 619 3 641 3 641 3 619 3 621 3 641 3 621 3 642 3 642 3 621 3 643 3 642 3 643 3 637 3 637 3 643 3 644 3 622 3 624 3 645 3 645 3 624 3 646 3 645 3 646 3 647 3 647 3 646 3 648 3 647 3 648 3 640 3 640 3 648 3 649 3 640 3 649 3 619 3 644 3 650 3 637 3 637 3 650 3 651 3 637 3 651 3 51 3 51 3 651 3 652 3 51 3 652 3 638 3 620 3 653 3 621 3 621 3 653 3 654 3 621 3 654 3 618 3 618 3 654 3 655 3 618 3 655 3 582 3 656 2 657 2 658 2 658 2 657 2 659 2 658 2 659 2 660 2 660 2 659 2 48 2 660 2 48 2 661 2 662 2 663 2 664 2 664 2 663 2 665 2 664 2 665 2 666 2 666 2 665 2 667 2 666 2 667 2 668 2 667 2 669 2 668 2 668 2 669 2 670 2 668 2 670 2 671 2 671 2 670 2 672 2 671 2 672 2 656 2 656 2 672 2 673 2 656 2 673 2 657 2 364 2 674 2 675 2 675 2 674 2 676 2 675 2 676 2 677 2 677 2 676 2 678 2 677 2 678 2 662 2 662 2 678 2 679 2 662 2 679 2 663 2 661 2 48 2 680 2 680 2 48 2 50 2 680 2 50 2 681 2 675 2 682 2 364 2 364 2 682 2 683 2 364 2 683 2 366 2 366 2 683 2 684 2 366 2 684 2 685 2 685 2 686 2 366 2 366 2 686 2 687 2 366 2 687 2 50 2 50 2 687 2 688 2 50 2 688 2 681 2 368 43 256 43 52 43 52 43 256 43 45 43 368 3 689 3 690 3 691 3 692 3 693 3 693 3 692 3 694 3 693 3 694 3 695 3 696 3 697 3 698 3 698 3 697 3 699 3 698 3 699 3 700 3 700 3 699 3 701 3 700 3 701 3 691 3 691 3 701 3 702 3 691 3 702 3 692 3 368 3 690 3 370 3 54 3 703 3 704 3 704 3 703 3 705 3 704 3 705 3 706 3 706 3 705 3 707 3 706 3 707 3 696 3 696 3 707 3 708 3 696 3 708 3 697 3 704 3 709 3 54 3 54 3 709 3 710 3 54 3 710 3 52 3 52 3 710 3 711 3 52 3 711 3 712 3 694 3 713 3 695 3 695 3 713 3 714 3 695 3 714 3 715 3 715 3 714 3 716 3 715 3 716 3 717 3 717 3 716 3 370 3 717 3 370 3 718 3 718 3 370 3 690 3 712 3 719 3 52 3 52 3 719 3 720 3 52 3 720 3 368 3 368 3 720 3 721 3 368 3 721 3 689 3 722 2 723 2 724 2 724 2 723 2 725 2 724 2 725 2 726 2 726 2 725 2 727 2 726 2 727 2 728 2 729 2 730 2 731 2 731 2 730 2 732 2 731 2 732 2 733 2 733 2 732 2 734 2 733 2 734 2 722 2 722 2 734 2 735 2 722 2 735 2 723 2 736 2 737 2 55 2 55 2 737 2 738 2 55 2 738 2 56 2 56 2 738 2 739 2 56 2 739 2 740 2 740 2 739 2 741 2 740 2 741 2 742 2 742 2 741 2 743 2 742 2 743 2 744 2 744 2 743 2 745 2 745 2 743 2 746 2 745 2 746 2 747 2 748 2 749 2 750 2 750 2 749 2 751 2 750 2 751 2 752 2 752 2 751 2 753 2 752 2 753 2 754 2 754 2 753 2 755 2 754 2 755 2 756 2 755 2 730 2 756 2 756 2 730 2 729 2 756 2 729 2 746 2 746 2 729 2 757 2 746 2 757 2 747 2 747 2 757 2 758 2 747 2 758 2 759 2 759 2 758 2 760 2 759 2 760 2 761 2 761 2 760 2 762 2 761 2 762 2 727 2 727 2 762 2 763 2 727 2 763 2 728 2 764 2 765 2 766 2 767 2 768 2 766 2 766 2 768 2 769 2 766 2 769 2 764 2 770 2 369 2 771 2 771 2 369 2 371 2 771 2 371 2 767 2 767 2 371 2 772 2 767 2 772 2 768 2 773 2 774 2 775 2 770 2 776 2 369 2 369 2 776 2 777 2 369 2 777 2 775 2 775 2 777 2 778 2 775 2 778 2 773 2 773 2 778 2 779 2 773 2 779 2 780 2 780 2 779 2 781 2 780 2 781 2 782 2 782 2 781 2 783 2 782 2 783 2 784 2 725 2 782 2 727 2 727 2 782 2 784 2 727 2 784 2 785 2 785 2 784 2 765 2 785 2 765 2 786 2 786 2 765 2 764 2 787 2 788 2 789 2 788 2 790 2 789 2 789 2 790 2 791 2 789 2 791 2 53 2 791 2 792 2 53 2 53 2 792 2 793 2 53 2 793 2 55 2 793 2 794 2 55 2 55 2 794 2 795 2 55 2 795 2 796 2 774 2 797 2 775 2 775 2 797 2 798 2 775 2 798 2 799 2 799 2 798 2 800 2 748 2 736 2 749 2 749 2 736 2 55 2 749 2 55 2 801 2 801 2 55 2 796 2 800 2 798 2 802 2 802 2 798 2 803 2 802 2 803 2 796 2 796 2 803 2 804 2 796 2 804 2 801 2 799 2 787 2 775 2 775 2 787 2 789 2 775 2 789 2 369 2 369 2 789 2 367 2 361 44 367 44 435 44 435 44 367 44 789 44 435 44 789 44 434 44 434 44 789 44 53 44 434 44 53 44 39 44 54 45 56 45 740 45 54 45 740 45 703 45 703 46 740 46 742 46 703 46 742 46 705 46 705 47 742 47 744 47 705 47 744 47 707 47 707 8 744 8 745 8 707 8 745 8 708 8 708 48 745 48 747 48 708 48 747 48 697 48 697 49 747 49 759 49 697 49 759 49 699 49 699 50 759 50 761 50 699 50 761 50 701 50 701 51 761 51 727 51 701 52 727 52 702 52 727 53 785 53 702 53 702 54 785 54 786 54 702 54 786 54 692 54 692 55 786 55 764 55 692 55 764 55 694 55 694 56 764 56 769 56 694 56 769 56 713 56 713 57 769 57 768 57 713 57 768 57 714 57 714 58 768 58 772 58 714 58 772 58 716 58 716 59 772 59 371 59 716 59 371 59 370 59 49 60 48 60 601 60 601 61 48 61 659 61 601 62 659 62 603 62 603 46 659 46 657 46 603 46 657 46 612 46 612 47 657 47 673 47 612 47 673 47 613 47 613 8 673 8 672 8 613 8 672 8 614 8 614 48 672 48 670 48 614 48 670 48 610 48 610 49 670 49 669 49 610 49 669 49 608 49 608 50 669 50 667 50 608 50 667 50 606 50 606 63 667 63 665 63 606 63 665 63 592 63 592 54 665 54 663 54 592 54 663 54 593 54 593 55 663 55 679 55 593 55 679 55 594 55 594 56 679 56 678 56 594 56 678 56 595 56 595 57 678 57 676 57 595 57 676 57 596 57 596 58 676 58 674 58 596 58 674 58 576 58 576 59 674 59 364 59 576 59 364 59 363 59 805 40 806 40 281 40 807 40 808 40 359 40 359 40 808 40 809 40 359 40 809 40 353 40 353 40 809 40 810 40 353 40 810 40 307 40 307 40 810 40 811 40 281 40 806 40 372 40 812 40 807 40 813 40 813 40 807 40 359 40 813 40 359 40 814 40 814 40 359 40 393 40 814 40 393 40 815 40 815 40 393 40 408 40 815 40 408 40 816 40 816 40 408 40 373 40 816 40 373 40 817 40 817 40 373 40 372 40 817 40 372 40 818 40 818 40 372 40 806 40 811 40 819 40 307 40 307 40 819 40 820 40 307 40 820 40 303 40 303 40 820 40 821 40 303 40 821 40 289 40 289 40 821 40 822 40 289 40 822 40 281 40 281 40 822 40 823 40 281 40 823 40 805 40 538 0 356 0 824 0 824 0 356 0 360 0 824 0 360 0 461 0 825 64 749 64 826 64 826 65 749 65 801 65 826 66 801 66 827 66 827 67 801 67 804 67 798 68 828 68 803 68 803 68 828 68 829 68 803 0 829 0 804 0 804 0 829 0 830 0 804 69 830 69 827 69 798 70 797 70 828 70 828 71 797 71 774 71 828 72 774 72 831 72 831 73 774 73 773 73 831 74 773 74 832 74 832 74 773 74 780 74 832 75 780 75 833 75 833 75 780 75 782 75 833 76 782 76 834 76 834 77 782 77 725 77 834 78 725 78 835 78 835 79 725 79 723 79 835 80 723 80 836 80 723 80 735 80 836 80 836 81 735 81 734 81 836 82 734 82 837 82 837 83 734 83 732 83 837 84 732 84 838 84 838 84 732 84 730 84 838 85 730 85 839 85 839 86 730 86 755 86 839 87 755 87 840 87 840 88 755 88 841 88 841 88 755 88 753 88 841 89 753 89 825 89 825 89 753 89 751 89 825 90 751 90 749 90 720 91 842 91 721 91 721 92 842 92 843 92 721 92 843 92 689 92 689 93 843 93 844 93 689 93 844 93 690 93 690 94 844 94 845 94 690 94 845 94 718 94 718 95 845 95 846 95 718 95 846 95 717 95 717 96 846 96 847 96 717 97 847 97 715 97 847 98 848 98 715 98 715 99 848 99 849 99 715 99 849 99 695 99 695 100 849 100 850 100 695 100 850 100 693 100 693 101 850 101 851 101 693 101 851 101 691 101 691 102 851 102 852 102 691 102 852 102 700 102 700 103 852 103 853 103 700 103 853 103 698 103 698 104 853 104 854 104 698 104 854 104 696 104 696 105 854 105 855 105 696 105 855 105 706 105 706 106 855 106 856 106 706 106 856 106 704 106 704 107 856 107 857 107 704 107 857 107 709 107 709 108 857 108 858 108 709 108 858 108 710 108 710 109 858 109 859 109 710 109 859 109 711 109 711 110 859 110 860 110 711 110 860 110 712 110 712 111 860 111 861 111 712 111 861 111 719 111 719 112 861 112 862 112 719 113 862 113 720 113 720 114 862 114 863 114 720 91 863 91 842 91 174 3 172 3 862 3 172 3 170 3 862 3 862 3 170 3 168 3 862 3 168 3 863 3 863 3 168 3 166 3 863 3 166 3 842 3 847 3 228 3 226 3 845 3 210 3 846 3 846 3 210 3 208 3 846 3 208 3 847 3 847 3 208 3 230 3 847 3 230 3 228 3 834 3 224 3 833 3 833 3 224 3 222 3 833 3 222 3 832 3 832 3 222 3 220 3 832 3 220 3 831 3 831 3 220 3 218 3 831 3 218 3 828 3 828 3 218 3 216 3 843 3 216 3 844 3 844 3 216 3 214 3 844 3 214 3 845 3 845 3 214 3 212 3 845 3 212 3 210 3 166 3 164 3 842 3 842 3 164 3 162 3 842 3 162 3 843 3 843 3 162 3 160 3 843 3 160 3 216 3 216 3 160 3 182 3 216 3 182 3 828 3 828 3 182 3 180 3 828 3 180 3 829 3 829 3 180 3 178 3 829 3 178 3 830 3 830 3 178 3 176 3 830 3 176 3 827 3 254 3 252 3 851 3 246 3 244 3 853 3 853 3 244 3 838 3 853 3 838 3 854 3 851 3 252 3 852 3 852 3 252 3 250 3 852 3 250 3 853 3 853 3 250 3 248 3 853 3 248 3 246 3 835 3 847 3 834 3 834 3 847 3 226 3 834 3 226 3 224 3 254 3 851 3 232 3 232 3 851 3 850 3 232 3 850 3 234 3 234 3 850 3 849 3 234 3 849 3 848 3 848 3 847 3 234 3 234 3 847 3 835 3 234 3 835 3 236 3 236 3 835 3 836 3 236 3 836 3 238 3 238 3 836 3 837 3 238 3 837 3 240 3 240 3 837 3 838 3 240 3 838 3 242 3 242 3 838 3 244 3 854 3 838 3 855 3 855 3 838 3 839 3 855 3 839 3 856 3 200 3 198 3 856 3 176 3 174 3 827 3 827 3 174 3 862 3 827 3 862 3 826 3 856 3 198 3 857 3 857 3 198 3 196 3 857 3 196 3 858 3 862 3 188 3 186 3 196 3 194 3 858 3 858 3 194 3 192 3 858 3 192 3 859 3 859 3 192 3 190 3 859 3 190 3 860 3 860 3 190 3 188 3 860 3 188 3 861 3 861 3 188 3 862 3 826 3 862 3 825 3 825 3 862 3 186 3 825 3 186 3 841 3 841 3 186 3 184 3 841 3 184 3 840 3 840 3 184 3 206 3 840 3 206 3 839 3 839 3 206 3 204 3 839 3 204 3 856 3 856 3 204 3 202 3 856 3 202 3 200 3 864 115 582 115 865 115 865 116 582 116 655 116 865 117 655 117 866 117 866 118 655 118 654 118 866 119 654 119 867 119 867 120 654 120 653 120 867 121 653 121 868 121 868 122 653 122 620 122 868 123 620 123 869 123 869 123 620 123 619 123 869 124 619 124 870 124 870 124 619 124 649 124 870 89 649 89 871 89 871 89 649 89 648 89 871 88 648 88 872 88 872 88 648 88 646 88 872 87 646 87 873 87 873 125 646 125 624 125 873 126 624 126 874 126 874 127 624 127 625 127 874 84 625 84 875 84 875 84 625 84 626 84 875 40 626 40 876 40 876 40 626 40 628 40 876 80 628 80 877 80 628 80 599 80 877 80 877 128 599 128 598 128 877 129 598 129 878 129 878 130 598 130 597 130 878 131 597 131 879 131 879 132 597 132 584 132 879 75 584 75 880 75 880 75 584 75 580 75 880 74 580 74 864 74 864 74 580 74 579 74 864 133 579 133 582 133 687 134 881 134 688 134 688 111 881 111 882 111 688 111 882 111 681 111 681 110 882 110 883 110 681 110 883 110 680 110 680 109 883 109 884 109 680 109 884 109 661 109 661 108 884 108 885 108 661 108 885 108 660 108 660 135 885 135 886 135 660 136 886 136 658 136 886 137 887 137 658 137 658 106 887 106 888 106 658 106 888 106 656 106 656 105 888 105 889 105 656 105 889 105 671 105 671 104 889 104 890 104 671 104 890 104 668 104 668 103 890 103 891 103 668 103 891 103 666 103 666 102 891 102 892 102 666 102 892 102 664 102 664 101 892 101 893 101 664 101 893 101 662 101 662 100 893 100 894 100 662 100 894 100 677 100 677 99 894 99 895 99 677 99 895 99 675 99 675 138 895 138 896 138 675 138 896 138 682 138 682 95 896 95 897 95 682 95 897 95 683 95 683 94 897 94 898 94 683 94 898 94 684 94 684 93 898 93 899 93 684 93 899 93 685 93 685 92 899 92 900 92 685 92 900 92 686 92 686 139 900 139 901 139 686 140 901 140 687 140 687 141 901 141 902 141 687 134 902 134 881 134 893 2 892 2 877 2 887 2 886 2 90 2 132 2 130 2 886 2 884 2 883 2 118 2 150 2 148 2 901 2 148 2 146 2 901 2 901 2 146 2 144 2 901 2 144 2 902 2 902 2 144 2 142 2 902 2 142 2 881 2 118 2 116 2 884 2 884 2 116 2 114 2 884 2 114 2 885 2 885 2 114 2 112 2 885 2 112 2 886 2 886 2 112 2 134 2 886 2 134 2 132 2 142 2 140 2 881 2 881 2 140 2 138 2 881 2 138 2 882 2 882 2 138 2 136 2 882 2 136 2 883 2 883 2 136 2 120 2 883 2 120 2 118 2 158 2 156 2 869 2 152 2 866 2 154 2 154 2 866 2 867 2 154 2 867 2 156 2 156 2 867 2 868 2 156 2 868 2 869 2 136 2 158 2 120 2 120 2 158 2 869 2 120 2 869 2 122 2 122 2 869 2 870 2 122 2 870 2 124 2 124 2 870 2 871 2 124 2 871 2 126 2 126 2 871 2 872 2 126 2 872 2 128 2 128 2 872 2 873 2 92 2 874 2 94 2 94 2 874 2 875 2 94 2 875 2 96 2 96 2 875 2 876 2 96 2 876 2 877 2 92 2 90 2 874 2 874 2 90 2 886 2 874 2 886 2 873 2 873 2 886 2 130 2 873 2 130 2 128 2 104 2 892 2 106 2 106 2 892 2 891 2 106 2 891 2 108 2 108 2 891 2 890 2 108 2 890 2 110 2 110 2 890 2 88 2 88 2 890 2 889 2 88 2 889 2 90 2 90 2 889 2 888 2 90 2 888 2 887 2 104 2 102 2 892 2 892 2 102 2 100 2 892 2 100 2 877 2 877 2 100 2 98 2 877 2 98 2 96 2 893 2 877 2 894 2 894 2 877 2 878 2 894 2 878 2 895 2 152 2 150 2 866 2 866 2 150 2 901 2 866 2 901 2 865 2 897 2 896 2 76 2 901 2 68 2 66 2 76 2 896 2 78 2 78 2 896 2 895 2 78 2 895 2 80 2 865 2 901 2 864 2 864 2 901 2 66 2 864 2 66 2 880 2 880 2 66 2 64 2 880 2 64 2 879 2 879 2 64 2 86 2 879 2 86 2 878 2 878 2 86 2 84 2 878 2 84 2 895 2 895 2 84 2 82 2 895 2 82 2 80 2 76 2 74 2 897 2 897 2 74 2 72 2 897 2 72 2 898 2 898 2 72 2 70 2 898 2 70 2 899 2 899 2 70 2 68 2 899 2 68 2 900 2 900 2 68 2 901 2 903 142 762 142 904 142 904 142 762 142 760 142 904 143 760 143 905 143 905 143 760 143 758 143 905 144 758 144 906 144 906 144 758 144 757 144 906 145 757 145 907 145 907 145 757 145 729 145 907 146 729 146 908 146 908 146 729 146 731 146 908 147 731 147 909 147 909 147 731 147 733 147 909 148 733 148 910 148 910 148 733 148 722 148 910 149 722 149 911 149 911 149 722 149 724 149 911 150 724 150 912 150 912 150 724 150 726 150 912 151 726 151 913 151 913 151 726 151 728 151 913 11 728 11 914 11 914 11 728 11 763 11 914 152 763 152 903 152 903 152 763 152 762 152 247 2 904 2 245 2 245 2 904 2 905 2 245 2 905 2 243 2 243 2 905 2 906 2 243 2 906 2 241 2 241 2 906 2 907 2 241 2 907 2 239 2 239 2 907 2 908 2 239 2 908 2 237 2 237 2 908 2 909 2 237 2 909 2 235 2 235 2 909 2 910 2 235 2 910 2 233 2 233 2 910 2 911 2 233 2 911 2 231 2 231 2 911 2 912 2 231 2 912 2 253 2 253 2 912 2 913 2 253 2 913 2 251 2 251 2 913 2 914 2 251 2 914 2 249 2 249 2 914 2 903 2 249 2 903 2 247 2 247 2 903 2 904 2 915 153 765 153 916 153 916 153 765 153 784 153 916 154 784 154 917 154 917 154 784 154 783 154 917 155 783 155 918 155 918 155 783 155 781 155 918 145 781 145 919 145 919 145 781 145 779 145 919 156 779 156 920 156 920 156 779 156 778 156 920 157 778 157 921 157 921 157 778 157 777 157 921 158 777 158 922 158 922 158 777 158 776 158 922 8 776 8 923 8 923 8 776 8 770 8 923 150 770 150 924 150 924 150 770 150 771 150 924 159 771 159 925 159 925 159 771 159 767 159 925 160 767 160 926 160 926 160 767 160 766 160 926 161 766 161 915 161 915 161 766 161 765 161 221 2 917 2 219 2 219 2 917 2 918 2 219 2 918 2 217 2 217 2 918 2 919 2 217 2 919 2 215 2 215 2 919 2 920 2 215 2 920 2 213 2 213 2 920 2 921 2 213 2 921 2 211 2 211 2 921 2 922 2 211 2 922 2 209 2 209 2 922 2 923 2 209 2 923 2 207 2 207 2 923 2 924 2 207 2 924 2 229 2 229 2 924 2 925 2 229 2 925 2 227 2 227 2 925 2 926 2 227 2 926 2 225 2 225 2 926 2 915 2 225 2 915 2 223 2 223 2 915 2 916 2 223 2 916 2 221 2 221 2 916 2 917 2 927 153 746 153 928 153 928 153 746 153 743 153 928 154 743 154 929 154 929 154 743 154 741 154 929 155 741 155 930 155 930 155 741 155 739 155 930 145 739 145 931 145 931 145 739 145 738 145 931 156 738 156 932 156 932 156 738 156 737 156 932 157 737 157 933 157 933 157 737 157 736 157 933 162 736 162 934 162 934 162 736 162 748 162 934 163 748 163 935 163 935 163 748 163 750 163 935 150 750 150 936 150 936 150 750 150 752 150 936 159 752 159 937 159 937 159 752 159 754 159 937 164 754 164 938 164 938 164 754 164 756 164 938 152 756 152 927 152 927 152 756 152 746 152 199 2 928 2 197 2 197 2 928 2 929 2 197 2 929 2 195 2 195 2 929 2 930 2 195 2 930 2 193 2 193 2 930 2 931 2 193 2 931 2 191 2 191 2 931 2 932 2 191 2 932 2 189 2 189 2 932 2 933 2 189 2 933 2 187 2 187 2 933 2 934 2 187 2 934 2 185 2 185 2 934 2 935 2 185 2 935 2 183 2 183 2 935 2 936 2 183 2 936 2 205 2 205 2 936 2 937 2 205 2 937 2 203 2 203 2 937 2 938 2 203 2 938 2 201 2 201 2 938 2 927 2 201 2 927 2 199 2 199 2 927 2 928 2 939 142 802 142 940 142 940 142 802 142 796 142 940 165 796 165 941 165 941 165 796 165 795 165 941 155 795 155 942 155 942 155 795 155 794 155 942 145 794 145 943 145 943 145 794 145 793 145 943 166 793 166 944 166 944 166 793 166 792 166 944 167 792 167 945 167 945 167 792 167 791 167 945 168 791 168 946 168 946 168 791 168 790 168 946 169 790 169 947 169 947 169 790 169 788 169 947 150 788 150 948 150 948 150 788 150 787 150 948 159 787 159 949 159 949 159 787 159 799 159 949 164 799 164 950 164 950 164 799 164 800 164 950 152 800 152 939 152 939 152 800 152 802 152 169 2 943 2 167 2 167 2 943 2 944 2 167 2 944 2 165 2 165 2 944 2 945 2 165 2 945 2 163 2 163 2 945 2 946 2 163 2 946 2 161 2 161 2 946 2 947 2 161 2 947 2 159 2 159 2 947 2 948 2 159 2 948 2 181 2 181 2 948 2 949 2 181 2 949 2 179 2 179 2 949 2 950 2 179 2 950 2 177 2 177 2 950 2 939 2 177 2 939 2 175 2 175 2 939 2 940 2 175 2 940 2 173 2 173 2 940 2 941 2 173 2 941 2 171 2 171 2 941 2 942 2 171 2 942 2 169 2 169 2 942 2 943 2 157 3 951 3 155 3 155 3 951 3 952 3 155 3 952 3 153 3 153 3 952 3 953 3 153 3 953 3 151 3 151 3 953 3 954 3 151 3 954 3 149 3 149 3 954 3 955 3 149 3 955 3 147 3 147 3 955 3 956 3 147 3 956 3 145 3 145 3 956 3 957 3 145 3 957 3 143 3 143 3 957 3 958 3 143 3 958 3 141 3 141 3 958 3 959 3 141 3 959 3 139 3 139 3 959 3 960 3 139 3 960 3 137 3 137 3 960 3 961 3 137 3 961 3 135 3 135 3 961 3 962 3 135 3 962 3 157 3 157 3 962 3 951 3 959 167 639 167 960 167 960 167 639 167 638 167 960 166 638 166 961 166 961 166 638 166 652 166 961 145 652 145 962 145 962 145 652 145 651 145 962 155 651 155 951 155 951 155 651 155 650 155 951 165 650 165 952 165 952 165 650 165 644 165 952 142 644 142 953 142 953 142 644 142 643 142 953 152 643 152 954 152 954 152 643 152 621 152 954 164 621 164 955 164 955 164 621 164 618 164 955 159 618 159 956 159 956 159 618 159 617 159 956 150 617 150 957 150 957 150 617 150 616 150 957 169 616 169 958 169 958 169 616 169 615 169 958 168 615 168 959 168 959 168 615 168 639 168 115 3 963 3 113 3 113 3 963 3 964 3 113 3 964 3 111 3 111 3 964 3 965 3 111 3 965 3 133 3 133 3 965 3 966 3 133 3 966 3 131 3 131 3 966 3 967 3 131 3 967 3 129 3 129 3 967 3 968 3 129 3 968 3 127 3 127 3 968 3 969 3 127 3 969 3 125 3 125 3 969 3 970 3 125 3 970 3 123 3 123 3 970 3 971 3 123 3 971 3 121 3 121 3 971 3 972 3 121 3 972 3 119 3 119 3 972 3 973 3 119 3 973 3 117 3 117 3 973 3 974 3 117 3 974 3 115 3 115 3 974 3 963 3 974 157 642 157 963 157 963 157 642 157 637 157 963 156 637 156 964 156 964 156 637 156 636 156 964 145 636 145 965 145 965 145 636 145 635 145 965 155 635 155 966 155 966 155 635 155 634 155 966 154 634 154 967 154 967 154 634 154 633 154 967 153 633 153 968 153 968 153 633 153 623 153 968 152 623 152 969 152 969 152 623 152 622 152 969 164 622 164 970 164 970 164 622 164 645 164 970 159 645 159 971 159 971 159 645 159 647 159 971 150 647 150 972 150 972 150 647 150 640 150 972 163 640 163 973 163 973 163 640 163 641 163 973 162 641 162 974 162 974 162 641 162 642 162 89 3 975 3 87 3 87 3 975 3 976 3 87 3 976 3 109 3 109 3 976 3 977 3 109 3 977 3 107 3 107 3 977 3 978 3 107 3 978 3 105 3 105 3 978 3 979 3 105 3 979 3 103 3 103 3 979 3 980 3 103 3 980 3 101 3 101 3 980 3 981 3 101 3 981 3 99 3 99 3 981 3 982 3 99 3 982 3 97 3 97 3 982 3 983 3 97 3 983 3 95 3 95 3 983 3 984 3 95 3 984 3 93 3 93 3 984 3 985 3 93 3 985 3 91 3 91 3 985 3 986 3 91 3 986 3 89 3 89 3 986 3 975 3 985 147 627 147 986 147 986 147 627 147 600 147 986 146 600 146 975 146 975 146 600 146 602 146 975 145 602 145 976 145 976 145 602 145 604 145 976 144 604 144 977 144 977 144 604 144 611 144 977 143 611 143 978 143 978 143 611 143 609 143 978 142 609 142 979 142 979 142 609 142 607 142 979 152 607 152 980 152 980 152 607 152 605 152 980 11 605 11 981 11 981 11 605 11 632 11 981 151 632 151 982 151 982 151 632 151 631 151 982 150 631 150 983 150 983 150 631 150 630 150 983 149 630 149 984 149 984 149 630 149 629 149 984 148 629 148 985 148 985 148 629 148 627 148 65 3 987 3 63 3 63 3 987 3 988 3 63 3 988 3 85 3 85 3 988 3 989 3 85 3 989 3 83 3 83 3 989 3 990 3 83 3 990 3 81 3 81 3 990 3 991 3 81 3 991 3 79 3 79 3 991 3 992 3 79 3 992 3 77 3 77 3 992 3 993 3 77 3 993 3 75 3 75 3 993 3 994 3 75 3 994 3 73 3 73 3 994 3 995 3 73 3 995 3 71 3 71 3 995 3 996 3 71 3 996 3 69 3 69 3 996 3 997 3 69 3 997 3 67 3 67 3 997 3 998 3 67 3 998 3 65 3 65 3 998 3 987 3 997 157 590 157 998 157 998 157 590 157 589 157 998 156 589 156 987 156 987 156 589 156 588 156 987 145 588 145 988 145 988 145 588 145 581 145 988 155 581 155 989 155 989 155 581 155 583 155 989 154 583 154 990 154 990 154 583 154 585 154 990 153 585 153 991 153 991 153 585 153 587 153 991 161 587 161 992 161 992 161 587 161 578 161 992 160 578 160 993 160 993 160 578 160 577 160 993 159 577 159 994 159 994 159 577 159 575 159 994 150 575 150 995 150 995 150 575 150 574 150 995 8 574 8 996 8 996 8 574 8 591 8 996 158 591 158 997 158 997 158 591 158 590 158 43 0 42 0 59 0 59 0 42 0 61 0 354 40 38 40 362 40 362 40 38 40 33 40 999 170 12 170 14 170 1000 171 19 171 21 171 816 172 1001 172 815 172 815 173 1001 173 1002 173 815 174 1002 174 1003 174 1003 175 1004 175 815 175 815 176 1004 176 1005 176 815 177 1005 177 814 177 814 178 1005 178 1006 178 814 179 1006 179 1007 179 1000 180 21 180 1008 180 1009 181 1010 181 822 181 1011 182 1012 182 821 182 1012 183 1013 183 821 183 821 184 1013 184 1014 184 821 185 1014 185 822 185 822 186 1014 186 1015 186 822 187 1015 187 1009 187 18 188 812 188 22 188 22 188 812 188 813 188 22 189 813 189 21 189 21 189 813 189 814 189 21 190 814 190 1008 190 1008 191 814 191 1007 191 5 192 1001 192 7 192 7 172 1001 172 816 172 7 193 816 193 8 193 8 193 816 193 817 193 8 194 817 194 9 194 9 194 817 194 818 194 9 39 818 39 10 39 10 39 818 39 806 39 10 195 806 195 15 195 15 195 806 195 805 195 15 196 805 196 14 196 14 196 805 196 823 196 14 197 823 197 999 197 999 197 823 197 822 197 999 198 822 198 1016 198 1016 199 822 199 1010 199 25 200 1011 200 29 200 29 201 1011 201 821 201 29 202 821 202 28 202 28 202 821 202 820 202 28 203 820 203 26 203 26 203 820 203 819 203 1017 204 27 204 26 204 1017 205 26 205 1018 205 1018 206 26 206 819 206 1018 207 819 207 1019 207 1020 208 1021 208 811 208 811 209 1021 209 1022 209 811 210 1022 210 819 210 819 211 1022 211 1023 211 819 212 1023 212 1019 212 1024 213 1025 213 810 213 810 214 1025 214 1026 214 810 215 1026 215 811 215 811 216 1026 216 1027 216 811 217 1027 217 1020 217 1028 218 1029 218 809 218 1029 219 1030 219 809 219 809 220 1030 220 1031 220 809 221 1031 221 810 221 810 222 1031 222 1032 222 810 223 1032 223 1024 223 1033 224 1034 224 809 224 809 225 1034 225 1035 225 1035 226 1036 226 809 226 809 227 1036 227 824 227 809 228 824 228 1028 228 1037 229 808 229 1038 229 1038 230 808 230 807 230 1038 231 807 231 1039 231 1039 232 807 232 1040 232 1037 233 1041 233 808 233 808 234 1041 234 1042 234 808 235 1042 235 809 235 809 236 1042 236 1043 236 809 237 1043 237 1033 237 1044 238 812 238 1045 238 1045 239 812 239 18 239 1045 240 18 240 17 240 1044 241 1046 241 812 241 812 242 1046 242 1047 242 812 243 1047 243 807 243 807 244 1047 244 1048 244 807 245 1048 245 1040 245 472 0 517 0 58 0 58 0 517 0 57 0 372 1 374 1 517 1 372 1 517 1 281 1 281 1 517 1 472 1 281 1 472 1 283 1 518 246 517 246 376 246 376 246 517 246 374 246 285 246 283 246 471 246 471 246 283 246 472 246 285 247 471 247 286 247 286 247 471 247 467 247 286 248 467 248 279 248 279 248 467 248 466 248 279 249 466 249 37 249 37 249 466 249 35 249 31 249 30 249 428 249 428 249 30 249 572 249 428 248 572 248 429 248 429 248 572 248 564 248 429 247 564 247 376 247 376 247 564 247 518 247 1025 250 1024 250 308 250 1031 251 1030 251 309 251 1028 252 824 252 461 252 461 253 311 253 309 253 309 254 1030 254 461 254 461 255 1030 255 1029 255 461 256 1029 256 1028 256 308 257 1024 257 309 257 309 258 1024 258 1032 258 309 259 1032 259 1031 259 1021 260 306 260 1022 260 1022 261 306 261 305 261 1022 262 305 262 1023 262 1021 263 1020 263 306 263 306 264 1020 264 1027 264 306 265 1027 265 308 265 308 266 1027 266 1026 266 308 267 1026 267 1025 267 304 268 1018 268 305 268 305 269 1018 269 1019 269 305 270 1019 270 1023 270 23 271 27 271 1017 271 311 272 461 272 312 272 312 272 461 272 462 272 312 273 462 273 297 273 297 273 462 273 476 273 297 274 476 274 295 274 295 274 476 274 490 274 295 275 490 275 299 275 299 275 490 275 482 275 299 276 482 276 300 276 300 276 482 276 484 276 300 277 484 277 302 277 302 277 484 277 23 277 302 278 23 278 304 278 304 279 23 279 1017 279 304 280 1017 280 1018 280 16 278 399 278 397 278 17 271 16 271 1045 271 1045 281 16 281 397 281 1045 282 397 282 1044 282 1044 283 397 283 1046 283 1046 284 397 284 396 284 1046 285 396 285 1047 285 1038 286 1039 286 394 286 394 287 1039 287 1040 287 394 288 1040 288 396 288 396 289 1040 289 1048 289 396 290 1048 290 1047 290 1038 291 394 291 1037 291 1037 292 394 292 395 292 1037 293 395 293 1041 293 1041 294 395 294 1042 294 1042 295 395 295 407 295 1042 296 407 296 1043 296 1035 297 1034 297 407 297 407 298 1034 298 1033 298 407 299 1033 299 1043 299 538 252 824 252 1036 252 399 277 16 277 401 277 401 277 16 277 545 277 401 276 545 276 402 276 402 276 545 276 544 276 402 275 544 275 403 275 403 275 544 275 525 275 403 274 525 274 404 274 404 274 525 274 523 274 404 273 523 273 405 273 405 273 523 273 534 273 405 272 534 272 406 272 406 272 534 272 538 272 406 253 538 253 407 253 407 300 538 300 1036 300 407 301 1036 301 1035 301 1001 302 5 302 4 302 1001 303 4 303 1002 303 1004 304 1003 304 411 304 411 5 1003 5 1002 5 411 5 1002 5 412 5 412 278 1002 278 4 278 1004 305 411 305 1005 305 1005 306 411 306 409 306 1005 307 409 307 1006 307 1006 308 409 308 410 308 1006 309 410 309 1007 309 1007 8 410 8 421 8 1007 8 421 8 1008 8 1008 310 20 310 1000 310 1000 311 20 311 19 311 1008 312 421 312 20 312 20 312 421 312 420 312 20 313 420 313 543 313 543 313 420 313 419 313 543 273 419 273 542 273 542 273 419 273 418 273 542 274 418 274 541 274 541 274 418 274 417 274 541 275 417 275 537 275 537 275 417 275 416 275 537 276 416 276 536 276 536 276 416 276 415 276 536 277 415 277 4 277 4 277 415 277 414 277 4 278 414 278 412 278 24 312 323 312 322 312 1011 314 25 314 24 314 1011 315 24 315 1012 315 24 312 322 312 1012 312 1012 8 322 8 321 8 1012 8 321 8 1013 8 318 5 1010 5 319 5 319 316 1010 316 1009 316 319 317 1009 317 320 317 320 318 1009 318 1015 318 320 319 1015 319 321 319 321 320 1015 320 1014 320 321 321 1014 321 1013 321 1016 322 13 322 999 322 999 302 13 302 12 302 323 313 24 313 324 313 324 313 24 313 506 313 324 273 506 273 313 273 313 273 506 273 505 273 313 274 505 274 314 274 314 274 505 274 504 274 314 275 504 275 315 275 315 275 504 275 502 275 315 276 502 276 316 276 316 276 502 276 486 276 316 277 486 277 317 277 317 277 486 277 13 277 317 278 13 278 318 278 318 278 13 278 1016 278 318 5 1016 5 1010 5 11 313 509 313 294 313 294 273 509 273 276 273 276 273 509 273 508 273 276 274 508 274 277 274 277 274 508 274 507 274 277 275 507 275 278 275 278 275 507 275 499 275 278 276 499 276 284 276 284 276 499 276 498 276 284 277 498 277 282 277 282 277 498 277 2 277 282 278 2 278 280 278 294 313 293 313 11 313 11 312 293 312 291 312 11 312 291 312 6 312 2 278 3 278 280 278 280 278 3 278 432 278 280 5 432 5 287 5 287 5 432 5 433 5 287 306 433 306 288 306 288 306 433 306 427 306 288 319 427 319 290 319 290 319 427 319 426 319 290 8 426 8 291 8 291 8 426 8 425 8 291 312 425 312 6 312 6 312 425 312 424 312 6 313 424 313 569 313 569 313 424 313 423 313 569 273 423 273 570 273 570 273 423 273 422 273 570 274 422 274 547 274 547 274 422 274 378 274 547 275 378 275 548 275 548 275 378 275 377 275 548 276 377 276 563 276 563 276 377 276 430 276 563 277 430 277 3 277 3 277 430 277 431 277 3 278 431 278 432 278 546 323 388 323 540 323 540 323 388 323 387 323 540 324 387 324 527 324 527 324 387 324 386 324 527 325 386 325 526 325 526 325 386 325 392 325 526 326 392 326 524 326 524 326 392 326 391 326 524 327 391 327 522 327 522 327 391 327 390 327 522 328 390 328 551 328 551 328 390 328 385 328 551 329 385 329 565 329 565 329 385 329 384 329 565 11 384 11 566 11 566 11 384 11 380 11 566 330 380 330 567 330 567 330 380 330 382 330 567 331 382 331 568 331 568 331 382 331 383 331 568 14 383 14 571 14 571 14 383 14 389 14 571 332 389 332 546 332 546 332 389 332 388 332 552 323 456 323 553 323 553 323 456 323 455 323 553 324 455 324 554 324 554 324 455 324 454 324 554 325 454 325 555 325 555 325 454 325 460 325 555 326 460 326 556 326 556 326 460 326 459 326 556 327 459 327 532 327 532 327 459 327 458 327 532 328 458 328 530 328 530 328 458 328 453 328 530 329 453 329 560 329 560 329 453 329 450 329 560 11 450 11 561 11 561 11 450 11 449 11 561 330 449 330 562 330 562 330 449 330 451 330 562 331 451 331 549 331 549 331 451 331 452 331 549 14 452 14 550 14 550 14 452 14 457 14 550 332 457 332 552 332 552 332 457 332 456 332 531 323 437 323 533 323 533 323 437 323 445 323 533 324 445 324 535 324 535 324 445 324 444 324 535 325 444 325 539 325 539 325 444 325 448 325 539 326 448 326 519 326 519 326 448 326 447 326 519 327 447 327 520 327 520 327 447 327 446 327 520 333 446 333 521 333 521 333 446 333 443 333 521 334 443 334 557 334 557 334 443 334 442 334 557 11 442 11 558 11 558 11 442 11 441 11 558 330 441 330 559 330 559 330 441 330 440 330 559 331 440 331 528 331 528 331 440 331 439 331 528 14 439 14 529 14 529 14 439 14 438 14 529 332 438 332 531 332 531 332 438 332 437 332 274 323 465 323 275 323 275 323 465 323 516 323 275 324 516 324 262 324 262 324 516 324 511 324 262 325 511 325 263 325 263 325 511 325 510 325 263 326 510 326 264 326 264 326 510 326 515 326 264 327 515 327 265 327 265 327 515 327 514 327 265 328 514 328 267 328 267 328 514 328 513 328 267 329 513 329 269 329 269 329 513 329 512 329 269 11 512 11 270 11 270 11 512 11 487 11 270 330 487 330 271 330 271 330 487 330 477 330 271 331 477 331 272 331 272 331 477 331 464 331 272 14 464 14 273 14 273 14 464 14 463 14 273 332 463 332 274 332 274 332 463 332 465 332 337 323 488 323 338 323 338 323 488 323 500 323 338 324 500 324 330 324 330 324 500 324 501 324 330 325 501 325 329 325 329 325 501 325 503 325 329 326 503 326 327 326 327 326 503 326 485 326 327 327 485 327 328 327 328 327 485 327 483 327 328 328 483 328 331 328 331 328 483 328 481 328 331 329 481 329 332 329 332 329 481 329 480 329 332 11 480 11 333 11 333 11 480 11 494 11 333 330 494 330 334 330 334 330 494 330 479 330 334 331 479 331 335 331 335 331 479 331 478 331 335 14 478 14 336 14 336 14 478 14 489 14 336 332 489 332 337 332 337 332 489 332 488 332 342 323 495 323 343 323 343 323 495 323 493 323 343 324 493 324 348 324 348 324 493 324 492 324 348 325 492 325 349 325 349 325 492 325 491 325 349 326 491 326 350 326 350 326 491 326 475 326 350 327 475 327 341 327 341 327 475 327 474 327 341 333 474 333 340 333 340 333 474 333 473 333 340 334 473 334 339 334 339 334 473 334 470 334 339 11 470 11 344 11 344 11 470 11 469 11 344 330 469 330 345 330 345 330 469 330 468 330 345 331 468 331 346 331 346 331 468 331 497 331 346 14 497 14 347 14 347 14 497 14 496 14 347 332 496 332 342 332 342 332 496 332 495 332 1049 0 1050 0 1051 0 1051 0 1050 0 1052 0 1053 0 1054 0 1055 0 1055 0 1054 0 1056 0 1055 0 1056 0 1057 0 1057 0 1056 0 1058 0 1057 0 1058 0 1059 0 1059 0 1058 0 1060 0 1061 0 1062 0 1063 0 1063 0 1062 0 1064 0 1063 0 1064 0 1065 0 1065 0 1064 0 1066 0 1065 0 1066 0 1067 0 1067 0 1068 0 1065 0 1065 0 1068 0 1069 0 1065 0 1069 0 1055 0 1055 0 1069 0 1070 0 1055 0 1070 0 1053 0 1060 0 1071 0 1059 0 1059 0 1071 0 1072 0 1059 0 1072 0 1063 0 1063 0 1072 0 1073 0 1063 0 1073 0 1061 0 1057 3 1059 3 1074 3 1074 3 1059 3 1075 3 1057 3 1076 3 1055 3 1055 3 1076 3 1077 3 1055 3 1077 3 1078 3 1079 3 1080 3 1081 3 1081 3 1080 3 1082 3 1081 3 1082 3 1083 3 1084 3 1078 3 1085 3 1085 3 1078 3 1086 3 1085 3 1086 3 1087 3 1087 3 1086 3 1088 3 1084 3 1089 3 1078 3 1078 3 1089 3 1090 3 1078 3 1090 3 1055 3 1055 3 1090 3 1091 3 1055 3 1091 3 1081 3 1081 3 1091 3 1092 3 1081 3 1092 3 1079 3 1082 3 1093 3 1083 3 1083 3 1093 3 1094 3 1083 3 1094 3 1087 3 1088 3 1095 3 1087 3 1087 3 1095 3 1096 3 1087 3 1096 3 1083 3 1083 3 1096 3 1097 3 1083 3 1097 3 1059 3 1059 3 1097 3 1098 3 1059 3 1098 3 1075 3 1099 3 1100 3 1101 3 1101 3 1100 3 1102 3 1101 3 1102 3 1103 3 1103 3 1102 3 1104 3 1103 3 1104 3 1105 3 1106 3 1107 3 1101 3 1101 3 1107 3 1108 3 1101 3 1108 3 1099 3 1109 3 1110 3 1111 3 1105 3 1109 3 1103 3 1103 3 1109 3 1111 3 1103 3 1111 3 1112 3 1112 3 1111 3 1113 3 1112 3 1113 3 1114 3 1114 3 1113 3 1115 3 1110 3 1116 3 1111 3 1111 3 1116 3 1117 3 1111 3 1117 3 1106 3 1106 3 1117 3 1118 3 1106 3 1118 3 1107 3 1119 335 1120 335 1121 335 1121 336 1120 336 1122 336 1122 336 1120 336 1123 336 1122 337 1123 337 1124 337 1125 40 1126 40 1127 40 1127 338 1126 338 1122 338 1127 339 1122 339 1128 339 1128 340 1122 340 1124 340 1129 40 1130 40 1131 40 1132 40 1133 40 1134 40 1134 40 1133 40 1135 40 1132 40 1136 40 1133 40 1133 40 1136 40 1137 40 1133 341 1137 341 1121 341 1121 342 1137 342 1138 342 1121 343 1138 343 1119 343 1135 40 1129 40 1134 40 1134 40 1129 40 1131 40 1134 40 1131 40 1139 40 1139 40 1131 40 1126 40 1139 40 1126 40 1140 40 1140 40 1126 40 1125 40 1070 344 1141 344 1053 344 1053 344 1141 344 1142 344 1053 345 1142 345 1054 345 1054 345 1142 345 1143 345 1054 346 1143 346 1056 346 1056 346 1143 346 1144 346 1056 3 1144 3 1058 3 1058 3 1144 3 1145 3 1058 347 1145 347 1060 347 1060 347 1145 347 1146 347 1060 348 1146 348 1071 348 1071 348 1146 348 1147 348 1071 349 1147 349 1072 349 1072 349 1147 349 1148 349 1070 1 1069 1 1141 1 1141 1 1069 1 1149 1 1073 350 1150 350 1061 350 1061 350 1150 350 1151 350 1061 351 1151 351 1062 351 1062 351 1151 351 1152 351 1062 352 1152 352 1064 352 1064 352 1152 352 1153 352 1064 2 1153 2 1066 2 1066 2 1153 2 1154 2 1066 353 1154 353 1067 353 1067 353 1154 353 1155 353 1067 354 1155 354 1068 354 1068 354 1155 354 1156 354 1068 355 1156 355 1069 355 1069 355 1156 355 1149 355 1073 39 1072 39 1150 39 1150 39 1072 39 1148 39 1157 1 1158 1 1159 1 1159 1 1158 1 1160 1 1159 1 1160 1 1161 1 1161 1 1160 1 1162 1 1163 3 1164 3 1165 3 1165 3 1164 3 1166 3 1165 3 1166 3 1167 3 1167 3 1166 3 1133 3 1167 3 1133 3 1168 3 1168 3 1133 3 1121 3 1168 3 1121 3 1169 3 1169 3 1121 3 1065 3 1065 3 1121 3 1170 3 1065 3 1170 3 1063 3 1051 3 1052 3 1171 3 1171 3 1052 3 1172 3 1171 3 1172 3 1170 3 1170 3 1172 3 1173 3 1170 3 1173 3 1174 3 1170 3 1174 3 1063 3 1101 39 1175 39 1106 39 1106 39 1175 39 1126 39 1106 39 1126 39 1176 39 1176 39 1126 39 1131 39 1177 40 1178 40 1160 40 1177 40 1160 40 1179 40 1179 40 1160 40 1158 40 1179 40 1158 40 1180 40 1178 40 1181 40 1160 40 1160 40 1181 40 1182 40 1160 356 1182 356 1183 356 1183 357 1182 357 1184 357 1184 358 1185 358 1183 358 1183 359 1185 359 1186 359 1183 360 1186 360 1170 360 1170 360 1186 360 1187 360 1170 361 1187 361 1188 361 1188 362 1189 362 1170 362 1170 363 1189 363 1190 363 1170 364 1190 364 1171 364 1180 40 1191 40 1179 40 1179 40 1191 40 1192 40 1179 40 1192 40 1193 40 1193 40 1192 40 1171 40 1193 40 1171 40 1194 40 1194 40 1171 40 1190 40 1159 0 1195 0 1157 0 1157 0 1195 0 1196 0 1197 0 1198 0 1199 0 1199 0 1198 0 1157 0 1199 0 1157 0 1200 0 1200 0 1157 0 1196 0 1201 0 1163 0 1165 0 1202 0 1203 0 1176 0 1176 0 1203 0 1204 0 1111 0 1106 0 1165 0 1165 0 1106 0 1176 0 1165 0 1176 0 1201 0 1201 0 1176 0 1204 0 1147 40 1183 40 1148 40 1148 40 1183 40 1170 40 1147 40 1146 40 1183 40 1183 40 1146 40 1145 40 1183 40 1145 40 1122 40 1122 40 1145 40 1144 40 1122 40 1144 40 1143 40 1152 40 1151 40 1170 40 1170 40 1151 40 1150 40 1170 40 1150 40 1148 40 1156 40 1155 40 1121 40 1121 40 1155 40 1154 40 1121 40 1154 40 1170 40 1170 40 1154 40 1153 40 1170 40 1153 40 1152 40 1143 40 1142 40 1122 40 1122 40 1142 40 1141 40 1122 40 1141 40 1121 40 1121 40 1141 40 1149 40 1121 40 1149 40 1156 40 1205 0 1161 0 1162 0 1101 0 1103 0 1175 0 1175 0 1103 0 1081 0 1175 0 1081 0 1162 0 1162 0 1081 0 1083 0 1162 0 1083 0 1205 0 319 2 318 2 1183 2 1183 2 318 2 317 2 273 2 272 2 1162 2 1162 2 272 2 271 2 1162 2 271 2 1175 2 1175 2 271 2 270 2 1175 2 270 2 269 2 345 2 344 2 1175 2 1175 2 344 2 339 2 1175 2 339 2 340 2 336 2 335 2 269 2 269 2 335 2 334 2 269 2 334 2 1175 2 1175 2 334 2 346 2 1175 2 346 2 345 2 333 2 342 2 334 2 334 2 342 2 347 2 334 2 347 2 346 2 1122 2 1126 2 1175 2 1122 2 1175 2 341 2 341 2 1175 2 340 2 264 2 263 2 1160 2 336 2 269 2 337 2 337 2 269 2 267 2 337 2 267 2 338 2 341 2 350 2 1122 2 1122 2 350 2 324 2 1122 2 324 2 323 2 263 2 262 2 1160 2 1160 2 262 2 275 2 1160 2 275 2 1162 2 1162 2 275 2 274 2 1162 2 274 2 273 2 323 2 322 2 1122 2 1122 2 322 2 321 2 1122 2 321 2 1183 2 1183 2 321 2 320 2 1183 2 320 2 319 2 1160 2 1183 2 317 2 1160 2 317 2 264 2 264 2 317 2 316 2 264 2 316 2 265 2 265 2 316 2 315 2 265 2 315 2 267 2 350 2 349 2 324 2 324 2 349 2 328 2 324 2 328 2 327 2 333 2 332 2 342 2 342 2 332 2 331 2 342 2 331 2 343 2 343 2 331 2 328 2 343 2 328 2 348 2 348 2 328 2 349 2 338 2 267 2 330 2 330 2 267 2 315 2 330 2 315 2 329 2 329 2 315 2 314 2 329 2 314 2 327 2 327 2 314 2 313 2 327 2 313 2 324 2 1206 3 1207 3 1205 3 1205 3 1207 3 1208 3 1209 3 1210 3 1195 3 1195 3 1210 3 1211 3 1212 3 1213 3 1206 3 1206 3 1213 3 1214 3 1206 3 1214 3 1195 3 1211 3 1215 3 1195 3 1195 3 1215 3 1216 3 1195 3 1216 3 1206 3 1206 3 1216 3 1217 3 1206 3 1217 3 1207 3 1218 3 1161 3 1219 3 1219 3 1161 3 1205 3 1219 3 1205 3 1220 3 1220 3 1205 3 1208 3 1195 3 1159 3 1209 3 1209 3 1159 3 1161 3 1209 3 1161 3 1221 3 1221 3 1161 3 1218 3 1109 323 342 323 1110 323 1110 323 342 323 343 323 1110 324 343 324 1116 324 1116 324 343 324 348 324 1116 325 348 325 1117 325 1117 325 348 325 349 325 1117 326 349 326 1118 326 1118 326 349 326 350 326 1118 327 350 327 1107 327 1107 327 350 327 341 327 1107 333 341 333 1108 333 1108 333 341 333 340 333 1108 334 340 334 1099 334 1099 334 340 334 339 334 1099 11 339 11 1100 11 1100 11 339 11 344 11 1100 330 344 330 1102 330 1102 330 344 330 345 330 1102 331 345 331 1104 331 1104 331 345 331 346 331 1104 14 346 14 1105 14 1105 14 346 14 347 14 1105 332 347 332 1109 332 1109 332 347 332 342 332 1209 323 274 323 1210 323 1210 323 274 323 275 323 1210 324 275 324 1211 324 1211 324 275 324 262 324 1211 325 262 325 1215 325 1215 325 262 325 263 325 1215 326 263 326 1216 326 1216 326 263 326 264 326 1216 327 264 327 1217 327 1217 327 264 327 265 327 1217 328 265 328 1207 328 1207 328 265 328 267 328 1207 329 267 329 1208 329 1208 329 267 329 269 329 1208 11 269 11 1220 11 1220 11 269 11 270 11 1220 330 270 330 1219 330 1219 330 270 330 271 330 1219 331 271 331 1218 331 1218 331 271 331 272 331 1218 14 272 14 1221 14 1221 14 272 14 273 14 1221 332 273 332 1209 332 1209 332 273 332 274 332 1098 278 317 278 1075 278 1075 278 317 278 318 278 1075 5 318 5 1074 5 1074 5 318 5 319 5 1074 306 319 306 1057 306 1057 306 319 306 320 306 1057 319 320 319 1076 319 1076 319 320 319 321 319 1076 8 321 8 1077 8 1077 8 321 8 322 8 1077 312 322 312 1078 312 1078 312 322 312 323 312 1078 313 323 313 1086 313 1086 313 323 313 324 313 1086 273 324 273 1088 273 1088 273 324 273 313 273 1088 274 313 274 1095 274 1095 274 313 274 314 274 1095 275 314 275 1096 275 1096 275 314 275 315 275 1096 276 315 276 1097 276 1097 276 315 276 316 276 1097 277 316 277 1098 277 1098 277 316 277 317 277 1087 323 337 323 1085 323 1085 323 337 323 338 323 1085 324 338 324 1084 324 1084 324 338 324 330 324 1084 325 330 325 1089 325 1089 325 330 325 329 325 1089 326 329 326 1090 326 1090 326 329 326 327 326 1090 327 327 327 1091 327 1091 327 327 327 328 327 1091 328 328 328 1092 328 1092 328 328 328 331 328 1092 329 331 329 1079 329 1079 329 331 329 332 329 1079 11 332 11 1080 11 1080 11 332 11 333 11 1080 330 333 330 1082 330 1082 330 333 330 334 330 1082 331 334 331 1093 331 1093 331 334 331 335 331 1093 14 335 14 1094 14 1094 14 335 14 336 14 1094 332 336 332 1087 332 1087 332 336 332 337 332 1165 1 1167 1 1111 1 1111 1 1167 1 1113 1 1115 39 1168 39 1114 39 1114 39 1168 39 1169 39 1168 0 1115 0 1167 0 1167 0 1115 0 1113 0 1173 1 1213 1 1174 1 1174 1 1213 1 1212 1 1172 39 1052 39 1050 39 1196 39 1195 39 1050 39 1050 39 1195 39 1214 39 1050 39 1214 39 1172 39 1214 0 1213 0 1172 0 1172 0 1213 0 1173 0 1206 40 1222 40 1212 40 1212 40 1222 40 1174 40 1063 39 1083 39 1059 39 1205 1 1222 1 1206 1 1223 40 1112 40 1169 40 1169 40 1112 40 1114 40 1081 1 1065 1 1055 1 1223 39 1103 39 1112 39 1224 365 1201 365 1204 365 1133 366 1166 366 1135 366 1135 367 1166 367 1224 367 1224 365 1204 365 1135 365 1135 368 1204 368 1203 368 1135 368 1203 368 1129 368 1129 369 1203 369 1202 369 1129 369 1202 369 1130 369 1130 370 1202 370 1176 370 1130 370 1176 370 1131 370 1199 371 1200 371 1049 371 1051 372 1171 372 1049 372 1049 373 1171 373 1192 373 1049 371 1192 371 1199 371 1199 374 1192 374 1191 374 1199 374 1191 374 1197 374 1197 375 1191 375 1180 375 1197 375 1180 375 1198 375 1198 376 1180 376 1158 376 1198 376 1158 376 1157 376 1225 377 1186 377 1226 377 1226 377 1186 377 1185 377 1226 378 1185 378 1227 378 1227 378 1185 378 1184 378 1227 379 1184 379 1228 379 1228 379 1184 379 1182 379 1228 380 1182 380 1229 380 1229 380 1182 380 1181 380 1229 381 1181 381 1230 381 1230 381 1181 381 1178 381 1230 382 1178 382 1231 382 1231 382 1178 382 1177 382 1225 1 1232 1 1186 1 1186 1 1232 1 1187 1 1233 383 1179 383 1234 383 1234 383 1179 383 1193 383 1234 384 1193 384 1235 384 1235 384 1193 384 1194 384 1235 385 1194 385 1236 385 1236 385 1194 385 1190 385 1236 386 1190 386 1237 386 1237 386 1190 386 1189 386 1237 387 1189 387 1238 387 1238 387 1189 387 1188 387 1238 388 1188 388 1232 388 1232 388 1188 388 1187 388 1233 39 1231 39 1179 39 1179 39 1231 39 1177 39 1229 40 1230 40 1228 40 1228 40 1230 40 1231 40 1227 40 1228 40 1226 40 1226 40 1228 40 1231 40 1226 40 1231 40 1225 40 1225 40 1231 40 1232 40 1237 40 1238 40 1236 40 1236 40 1238 40 1232 40 1235 40 1236 40 1234 40 1234 40 1236 40 1232 40 1234 40 1232 40 1233 40 1233 40 1232 40 1231 40 1239 377 1139 377 1240 377 1240 377 1139 377 1140 377 1240 378 1140 378 1241 378 1241 378 1140 378 1125 378 1241 379 1125 379 1242 379 1242 379 1125 379 1127 379 1242 380 1127 380 1243 380 1243 380 1127 380 1128 380 1243 381 1128 381 1244 381 1244 381 1128 381 1124 381 1244 389 1124 389 1245 389 1245 389 1124 389 1123 389 1239 1 1246 1 1139 1 1139 1 1246 1 1134 1 1247 390 1120 390 1248 390 1248 390 1120 390 1119 390 1248 384 1119 384 1249 384 1249 384 1119 384 1138 384 1249 385 1138 385 1250 385 1250 385 1138 385 1137 385 1250 386 1137 386 1251 386 1251 386 1137 386 1136 386 1251 387 1136 387 1252 387 1252 387 1136 387 1132 387 1252 388 1132 388 1246 388 1246 388 1132 388 1134 388 1247 39 1245 39 1120 39 1120 39 1245 39 1123 39 1243 40 1244 40 1242 40 1242 40 1244 40 1245 40 1241 40 1242 40 1240 40 1240 40 1242 40 1245 40 1240 40 1245 40 1239 40 1239 40 1245 40 1246 40 1251 40 1252 40 1250 40 1250 40 1252 40 1246 40 1249 40 1250 40 1248 40 1248 40 1250 40 1246 40 1248 40 1246 40 1247 40 1247 40 1246 40 1245 40 1224 40 1166 40 1164 40 1224 39 1164 39 1201 39 1201 39 1164 39 1163 39 1050 3 1049 3 1196 3 1196 3 1049 3 1200 3 1103 391 1223 391 1081 391 1081 391 1223 391 1169 391 1081 391 1169 391 1065 391 1222 391 1205 391 1174 391 1174 391 1205 391 1083 391 1174 391 1083 391 1063 391 1253 0 1254 0 1255 0 1255 0 1254 0 1256 0 1257 0 1258 0 1259 0 1258 0 1260 0 1259 0 1259 0 1260 0 1261 0 1259 0 1261 0 1262 0 1262 0 1261 0 1263 0 1262 0 1263 0 1264 0 1257 0 1259 0 1265 0 1265 0 1259 0 1266 0 1265 0 1266 0 1267 0 1268 0 1269 0 1270 0 1270 0 1269 0 1271 0 1270 0 1271 0 1272 0 1272 0 1271 0 1273 0 1272 0 1273 0 1266 0 1266 0 1273 0 1274 0 1266 0 1274 0 1267 0 1264 0 1275 0 1262 0 1262 0 1275 0 1276 0 1262 0 1276 0 1270 0 1270 0 1276 0 1277 0 1270 0 1277 0 1268 0 1272 2 1266 2 1278 2 1278 2 1266 2 1279 2 1272 2 1280 2 1270 2 1270 2 1280 2 1281 2 1270 2 1281 2 1282 2 1283 2 1284 2 1285 2 1285 2 1284 2 1286 2 1285 2 1286 2 1287 2 1288 2 1282 2 1289 2 1289 2 1282 2 1290 2 1289 2 1290 2 1291 2 1291 2 1290 2 1292 2 1288 2 1293 2 1282 2 1282 2 1293 2 1294 2 1282 2 1294 2 1270 2 1270 2 1294 2 1295 2 1270 2 1295 2 1285 2 1285 2 1295 2 1296 2 1285 2 1296 2 1283 2 1286 2 1297 2 1287 2 1287 2 1297 2 1298 2 1287 2 1298 2 1291 2 1292 2 1299 2 1291 2 1291 2 1299 2 1300 2 1291 2 1300 2 1287 2 1287 2 1300 2 1301 2 1287 2 1301 2 1266 2 1266 2 1301 2 1302 2 1266 2 1302 2 1279 2 1303 2 1304 2 1305 2 1305 2 1304 2 1306 2 1305 2 1306 2 1307 2 1307 2 1306 2 1308 2 1307 2 1308 2 1309 2 1310 2 1311 2 1305 2 1305 2 1311 2 1312 2 1305 2 1312 2 1303 2 1313 2 1314 2 1315 2 1309 2 1313 2 1307 2 1307 2 1313 2 1315 2 1307 2 1315 2 1316 2 1316 2 1315 2 1317 2 1316 2 1317 2 1318 2 1318 2 1317 2 1319 2 1314 2 1320 2 1315 2 1315 2 1320 2 1321 2 1315 2 1321 2 1310 2 1310 2 1321 2 1322 2 1310 2 1322 2 1311 2 1323 392 1324 392 1325 392 1326 40 1327 40 1328 40 1329 40 1330 40 1331 40 1331 40 1330 40 1332 40 1323 360 1325 360 1333 360 1333 360 1325 360 1334 360 1333 393 1334 393 1335 393 1332 40 1326 40 1331 40 1331 40 1326 40 1328 40 1331 40 1328 40 1336 40 1336 40 1328 40 1337 40 1336 40 1337 40 1338 40 1329 40 1339 40 1330 40 1330 40 1339 40 1340 40 1330 394 1340 394 1323 394 1323 395 1340 395 1341 395 1323 396 1341 396 1324 396 1335 397 1342 397 1333 397 1333 398 1342 398 1343 398 1333 399 1343 399 1337 399 1337 40 1343 40 1344 40 1337 40 1344 40 1338 40 1277 400 1345 400 1268 400 1268 400 1345 400 1346 400 1268 401 1346 401 1269 401 1269 401 1346 401 1347 401 1269 402 1347 402 1271 402 1271 402 1347 402 1348 402 1271 2 1348 2 1273 2 1273 2 1348 2 1349 2 1273 403 1349 403 1274 403 1274 403 1349 403 1350 403 1274 404 1350 404 1267 404 1267 404 1350 404 1351 404 1267 405 1351 405 1265 405 1265 405 1351 405 1352 405 1277 39 1276 39 1345 39 1345 39 1276 39 1353 39 1257 406 1354 406 1258 406 1258 406 1354 406 1355 406 1258 407 1355 407 1260 407 1260 407 1355 407 1356 407 1260 408 1356 408 1261 408 1261 408 1356 408 1357 408 1261 3 1357 3 1263 3 1263 3 1357 3 1358 3 1263 409 1358 409 1264 409 1264 409 1358 409 1359 409 1264 410 1359 410 1275 410 1275 410 1359 410 1360 410 1275 411 1360 411 1276 411 1276 411 1360 411 1353 411 1257 1 1265 1 1354 1 1354 1 1265 1 1352 1 1361 39 1362 39 1363 39 1363 39 1362 39 1364 39 1363 39 1364 39 1365 39 1365 39 1364 39 1366 39 1367 2 1368 2 1369 2 1369 2 1368 2 1370 2 1369 2 1370 2 1371 2 1371 2 1370 2 1330 2 1371 2 1330 2 1372 2 1372 2 1330 2 1323 2 1372 2 1323 2 1373 2 1373 2 1323 2 1262 2 1262 2 1323 2 1374 2 1262 2 1374 2 1259 2 1255 2 1256 2 1375 2 1375 2 1256 2 1376 2 1375 2 1376 2 1374 2 1374 2 1376 2 1377 2 1374 2 1377 2 1378 2 1374 2 1378 2 1259 2 1305 1 1379 1 1310 1 1310 1 1379 1 1337 1 1310 1 1337 1 1380 1 1380 1 1337 1 1328 1 1381 412 1382 412 1383 412 1383 336 1382 336 1374 336 1374 336 1382 336 1384 336 1374 413 1384 413 1385 413 1386 40 1387 40 1388 40 1385 414 1389 414 1374 414 1374 415 1389 415 1390 415 1374 416 1390 416 1375 416 1391 40 1392 40 1364 40 1364 40 1392 40 1393 40 1364 417 1393 417 1383 417 1383 418 1393 418 1394 418 1383 419 1394 419 1381 419 1362 40 1395 40 1364 40 1364 40 1395 40 1396 40 1364 40 1396 40 1391 40 1362 40 1386 40 1395 40 1395 40 1386 40 1388 40 1395 40 1388 40 1397 40 1397 40 1388 40 1375 40 1397 40 1375 40 1398 40 1398 40 1375 40 1390 40 1363 0 1399 0 1361 0 1361 0 1399 0 1400 0 1401 0 1402 0 1403 0 1403 0 1402 0 1361 0 1403 0 1361 0 1404 0 1404 0 1361 0 1400 0 1405 0 1367 0 1369 0 1406 0 1407 0 1380 0 1380 0 1407 0 1408 0 1315 0 1310 0 1369 0 1369 0 1310 0 1380 0 1369 0 1380 0 1405 0 1405 0 1380 0 1408 0 1383 40 1350 40 1349 40 1383 40 1349 40 1333 40 1333 40 1349 40 1348 40 1333 40 1348 40 1347 40 1347 40 1346 40 1333 40 1333 40 1346 40 1345 40 1333 40 1345 40 1323 40 1323 40 1345 40 1353 40 1323 40 1353 40 1360 40 1360 40 1359 40 1323 40 1323 40 1359 40 1358 40 1323 40 1358 40 1374 40 1358 40 1357 40 1374 40 1374 40 1357 40 1356 40 1374 40 1356 40 1355 40 1355 40 1354 40 1374 40 1374 40 1354 40 1352 40 1374 40 1352 40 1383 40 1383 40 1352 40 1351 40 1383 40 1351 40 1350 40 1409 0 1365 0 1366 0 1305 0 1307 0 1379 0 1379 0 1307 0 1285 0 1379 0 1285 0 1366 0 1366 0 1285 0 1287 0 1366 0 1287 0 1409 0 410 3 421 3 1383 3 1383 3 421 3 420 3 442 3 441 3 1366 3 1366 3 441 3 440 3 1366 3 440 3 1379 3 1379 3 440 3 439 3 1379 3 439 3 438 3 382 3 383 3 1379 3 1379 3 383 3 389 3 1379 3 389 3 388 3 450 3 449 3 438 3 438 3 449 3 451 3 438 3 451 3 1379 3 1379 3 451 3 380 3 1379 3 380 3 382 3 452 3 385 3 451 3 451 3 385 3 384 3 451 3 384 3 380 3 1333 3 1337 3 1379 3 1333 3 1379 3 387 3 387 3 1379 3 388 3 444 3 448 3 1364 3 450 3 438 3 453 3 453 3 438 3 437 3 453 3 437 3 458 3 387 3 386 3 1333 3 1333 3 386 3 415 3 1333 3 415 3 414 3 448 3 447 3 1364 3 1364 3 447 3 446 3 1364 3 446 3 1366 3 1366 3 446 3 443 3 1366 3 443 3 442 3 414 3 412 3 1333 3 1333 3 412 3 411 3 1333 3 411 3 1383 3 1383 3 411 3 409 3 1383 3 409 3 410 3 1364 3 1383 3 420 3 1364 3 420 3 444 3 444 3 420 3 419 3 444 3 419 3 445 3 445 3 419 3 418 3 445 3 418 3 437 3 386 3 392 3 415 3 415 3 392 3 455 3 415 3 455 3 454 3 452 3 457 3 385 3 385 3 457 3 456 3 385 3 456 3 390 3 390 3 456 3 455 3 390 3 455 3 391 3 391 3 455 3 392 3 458 3 437 3 459 3 459 3 437 3 418 3 459 3 418 3 460 3 460 3 418 3 417 3 460 3 417 3 454 3 454 3 417 3 416 3 454 3 416 3 415 3 1410 2 1411 2 1409 2 1409 2 1411 2 1412 2 1413 2 1414 2 1399 2 1399 2 1414 2 1415 2 1416 2 1417 2 1410 2 1410 2 1417 2 1418 2 1410 2 1418 2 1399 2 1415 2 1419 2 1399 2 1399 2 1419 2 1420 2 1399 2 1420 2 1410 2 1410 2 1420 2 1421 2 1410 2 1421 2 1411 2 1422 2 1365 2 1423 2 1423 2 1365 2 1409 2 1423 2 1409 2 1424 2 1424 2 1409 2 1412 2 1399 2 1363 2 1413 2 1413 2 1363 2 1365 2 1413 2 1365 2 1425 2 1425 2 1365 2 1422 2 1313 328 385 328 1314 328 1314 328 385 328 390 328 1314 327 390 327 1320 327 1320 327 390 327 391 327 1320 326 391 326 1321 326 1321 326 391 326 392 326 1321 325 392 325 1322 325 1322 325 392 325 386 325 1322 324 386 324 1311 324 1311 324 386 324 387 324 1311 323 387 323 1312 323 1312 323 387 323 388 323 1312 332 388 332 1303 332 1303 332 388 332 389 332 1303 14 389 14 1304 14 1304 14 389 14 383 14 1304 331 383 331 1306 331 1306 331 383 331 382 331 1306 330 382 330 1308 330 1308 330 382 330 380 330 1308 11 380 11 1309 11 1309 11 380 11 384 11 1309 329 384 329 1313 329 1313 329 384 329 385 329 1413 333 443 333 1414 333 1414 333 443 333 446 333 1414 327 446 327 1415 327 1415 327 446 327 447 327 1415 326 447 326 1419 326 1419 326 447 326 448 326 1419 325 448 325 1420 325 1420 325 448 325 444 325 1420 324 444 324 1421 324 1421 324 444 324 445 324 1421 323 445 323 1411 323 1411 323 445 323 437 323 1411 332 437 332 1412 332 1412 332 437 332 438 332 1412 14 438 14 1424 14 1424 14 438 14 439 14 1424 331 439 331 1423 331 1423 331 439 331 440 331 1423 330 440 330 1422 330 1422 330 440 330 441 330 1422 11 441 11 1425 11 1425 11 441 11 442 11 1425 334 442 334 1413 334 1413 334 442 334 443 334 1302 312 420 312 1279 312 1279 312 420 312 421 312 1279 8 421 8 1278 8 1278 8 421 8 410 8 1278 319 410 319 1272 319 1272 319 410 319 409 319 1272 306 409 306 1280 306 1280 306 409 306 411 306 1280 5 411 5 1281 5 1281 5 411 5 412 5 1281 278 412 278 1282 278 1282 278 412 278 414 278 1282 277 414 277 1290 277 1290 277 414 277 415 277 1290 276 415 276 1292 276 1292 276 415 276 416 276 1292 275 416 275 1299 275 1299 275 416 275 417 275 1299 274 417 274 1300 274 1300 274 417 274 418 274 1300 273 418 273 1301 273 1301 273 418 273 419 273 1301 313 419 313 1302 313 1302 313 419 313 420 313 1291 328 453 328 1289 328 1289 328 453 328 458 328 1289 327 458 327 1288 327 1288 327 458 327 459 327 1288 326 459 326 1293 326 1293 326 459 326 460 326 1293 325 460 325 1294 325 1294 325 460 325 454 325 1294 324 454 324 1295 324 1295 324 454 324 455 324 1295 323 455 323 1296 323 1296 323 455 323 456 323 1296 332 456 332 1283 332 1283 332 456 332 457 332 1283 14 457 14 1284 14 1284 14 457 14 452 14 1284 331 452 331 1286 331 1286 331 452 331 451 331 1286 330 451 330 1297 330 1297 330 451 330 449 330 1297 11 449 11 1298 11 1298 11 449 11 450 11 1298 329 450 329 1291 329 1291 329 450 329 453 329 1369 39 1371 39 1315 39 1315 39 1371 39 1317 39 1319 1 1372 1 1318 1 1318 1 1372 1 1373 1 1372 0 1319 0 1371 0 1371 0 1319 0 1317 0 1377 39 1417 39 1378 39 1378 39 1417 39 1416 39 1376 1 1256 1 1254 1 1400 1 1399 1 1254 1 1254 1 1399 1 1418 1 1254 1 1418 1 1376 1 1418 0 1417 0 1376 0 1376 0 1417 0 1377 0 1410 40 1426 40 1416 40 1416 40 1426 40 1378 40 1259 1 1287 1 1266 1 1409 39 1426 39 1410 39 1427 40 1316 40 1373 40 1373 40 1316 40 1318 40 1285 39 1262 39 1270 39 1427 1 1307 1 1316 1 1428 420 1405 420 1408 420 1330 421 1370 421 1332 421 1332 422 1370 422 1428 422 1428 420 1408 420 1332 420 1332 423 1408 423 1407 423 1332 423 1407 423 1326 423 1326 424 1407 424 1406 424 1326 424 1406 424 1327 424 1327 425 1406 425 1380 425 1327 425 1380 425 1328 425 1403 426 1404 426 1253 426 1255 427 1375 427 1253 427 1253 428 1375 428 1388 428 1253 426 1388 426 1403 426 1403 429 1388 429 1387 429 1403 429 1387 429 1401 429 1401 430 1387 430 1386 430 1401 430 1386 430 1402 430 1402 431 1386 431 1362 431 1402 431 1362 431 1361 431 1429 432 1382 432 1430 432 1430 432 1382 432 1381 432 1430 433 1381 433 1431 433 1431 433 1381 433 1394 433 1431 385 1394 385 1432 385 1432 385 1394 385 1393 385 1432 386 1393 386 1433 386 1433 386 1393 386 1392 386 1433 434 1392 434 1434 434 1434 434 1392 434 1391 434 1434 435 1391 435 1435 435 1435 435 1391 435 1396 435 1429 39 1436 39 1382 39 1382 39 1436 39 1384 39 1437 436 1395 436 1438 436 1438 436 1395 436 1397 436 1438 437 1397 437 1439 437 1439 437 1397 437 1398 437 1439 438 1398 438 1440 438 1440 438 1398 438 1390 438 1440 439 1390 439 1441 439 1441 439 1390 439 1389 439 1441 440 1389 440 1442 440 1442 440 1389 440 1385 440 1442 441 1385 441 1436 441 1436 441 1385 441 1384 441 1437 1 1435 1 1395 1 1395 1 1435 1 1396 1 1435 40 1429 40 1430 40 1429 40 1435 40 1436 40 1433 40 1434 40 1432 40 1432 40 1434 40 1435 40 1432 40 1435 40 1431 40 1431 40 1435 40 1430 40 1441 40 1442 40 1440 40 1440 40 1442 40 1436 40 1439 40 1440 40 1438 40 1438 40 1440 40 1436 40 1438 40 1436 40 1437 40 1437 40 1436 40 1435 40 1443 442 1336 442 1444 442 1444 442 1336 442 1338 442 1444 433 1338 433 1445 433 1445 433 1338 433 1344 433 1445 385 1344 385 1446 385 1446 385 1344 385 1343 385 1446 386 1343 386 1447 386 1447 386 1343 386 1342 386 1447 434 1342 434 1448 434 1448 434 1342 434 1335 434 1448 435 1335 435 1449 435 1449 435 1335 435 1334 435 1443 39 1450 39 1336 39 1336 39 1450 39 1331 39 1451 436 1325 436 1452 436 1452 436 1325 436 1324 436 1452 437 1324 437 1453 437 1453 437 1324 437 1341 437 1453 438 1341 438 1454 438 1454 438 1341 438 1340 438 1454 439 1340 439 1455 439 1455 439 1340 439 1339 439 1455 440 1339 440 1456 440 1456 440 1339 440 1329 440 1456 443 1329 443 1450 443 1450 443 1329 443 1331 443 1451 1 1449 1 1325 1 1325 1 1449 1 1334 1 1449 40 1443 40 1444 40 1443 40 1449 40 1450 40 1447 40 1448 40 1446 40 1446 40 1448 40 1449 40 1446 40 1449 40 1445 40 1445 40 1449 40 1444 40 1455 40 1456 40 1454 40 1454 40 1456 40 1450 40 1453 40 1454 40 1452 40 1452 40 1454 40 1450 40 1452 40 1450 40 1451 40 1451 40 1450 40 1449 40 1428 40 1370 40 1368 40 1428 1 1368 1 1405 1 1405 1 1368 1 1367 1 1254 2 1253 2 1400 2 1400 2 1253 2 1404 2 1307 444 1427 444 1285 444 1285 444 1427 444 1373 444 1285 444 1373 444 1262 444 1426 444 1409 444 1378 444 1378 444 1409 444 1287 444 1378 444 1287 444 1259 444</p>
        </triangles>
      </mesh>
    </geometry>
  </library_geometries>
  <library_visual_scenes>
    <visual_scene id="DefaultScene">
      <node id="node_f99c91d9_149e_4557_ab85_b30422aa6cda" type="NODE">
        <matrix>1 0 0 0 0 1 0 0 0 0 1 0 0 0 0 1</matrix>
        <node id="node_e0bc5eaa_86f9_4a76_b647_17d01d541447" type="NODE">
          <matrix>1 0 0 0 0 1 0 0 0 0 1 0 0 0 0 1</matrix>
          <node id="node_e0bc5eaa_86f9_4a76_b647_17d01d541447_mesh0" type="NODE">
            <matrix>1 0 0 0 0 1 0 0 0 0 1 0 0 0 0 1</matrix>
            <instance_geometry url="#geometry_37b4119e_837d_4987_bc33_a2ea53adf18a">
              <bind_material>
                <technique_common>
                  <instance_material symbol="mat_0" target="#mat_0"/>
                </technique_common>
              </bind_material>
            </instance_geometry>
          </node>
        </node>
      </node>
    </visual_scene>
  </library_visual_scenes>
  <scene>
    <instance_visual_scene url="#DefaultScene"/>
  </scene>
</COLLADA>
